	Protein	Protein ID	Protein entry name	Gene name	Protein length	Organism	Protein Existence	Protein name	Protein Probability	Top Peptide Probability	Total peptides	Spectral count Combined	Unique spectral count Combined	Total spectral count Combined	Spectral count GFP_beads_NHS_Ac_0nM_1	Spectral count GFP_beads_NHS_Ac_0nM_2	Spectral count GFP_beads_NHS_Ac_1000nM_1	Spectral count GFP_beads_NHS_Ac_1000nM_2	Spectral count GFP_beads_NHS_Ac_100nM_1	Spectral count GFP_beads_NHS_Ac_100nM_2	Spectral count GFP_beads_NHS_Ac_5000nM_1	Spectral count GFP_beads_NHS_Ac_5000nM_2	Spectral count GFP_beads_NHS_Ac_500nM_1	Spectral count GFP_beads_NHS_Ac_500nM_2	Unique spectral count GFP_beads_NHS_Ac_0nM_1	Unique spectral count GFP_beads_NHS_Ac_0nM_2	Unique spectral count GFP_beads_NHS_Ac_1000nM_1	Unique spectral count GFP_beads_NHS_Ac_1000nM_2	Unique spectral count GFP_beads_NHS_Ac_100nM_1	Unique spectral count GFP_beads_NHS_Ac_100nM_2	Unique spectral count GFP_beads_NHS_Ac_5000nM_1	Unique spectral count GFP_beads_NHS_Ac_5000nM_2	Unique spectral count GFP_beads_NHS_Ac_500nM_1	Unique spectral count GFP_beads_NHS_Ac_500nM_2	Total spectral count GFP_beads_NHS_Ac_0nM_1	Total spectral count GFP_beads_NHS_Ac_0nM_2	Total spectral count GFP_beads_NHS_Ac_1000nM_1	Total spectral count GFP_beads_NHS_Ac_1000nM_2	Total spectral count GFP_beads_NHS_Ac_100nM_1	Total spectral count GFP_beads_NHS_Ac_100nM_2	Total spectral count GFP_beads_NHS_Ac_5000nM_1	Total spectral count GFP_beads_NHS_Ac_5000nM_2	Total spectral count GFP_beads_NHS_Ac_500nM_1	Total spectral count GFP_beads_NHS_Ac_500nM_2	Intensity GFP_beads_NHS_Ac_0nM_1	Intensity GFP_beads_NHS_Ac_0nM_2	Intensity GFP_beads_NHS_Ac_1000nM_1	Intensity GFP_beads_NHS_Ac_1000nM_2	Intensity GFP_beads_NHS_Ac_100nM_1	Intensity GFP_beads_NHS_Ac_100nM_2	Intensity GFP_beads_NHS_Ac_5000nM_1	Intensity GFP_beads_NHS_Ac_5000nM_2	Intensity GFP_beads_NHS_Ac_500nM_1	Intensity GFP_beads_NHS_Ac_500nM_2	LFQ intensity GFP_beads_NHS_Ac_0nM_1	LFQ intensity GFP_beads_NHS_Ac_0nM_2	LFQ intensity GFP_beads_NHS_Ac_1000nM_1	LFQ intensity GFP_beads_NHS_Ac_1000nM_2	LFQ intensity GFP_beads_NHS_Ac_100nM_1	LFQ intensity GFP_beads_NHS_Ac_100nM_2	LFQ intensity GFP_beads_NHS_Ac_5000nM_1	LFQ intensity GFP_beads_NHS_Ac_5000nM_2	LFQ intensity GFP_beads_NHS_Ac_500nM_1	LFQ intensity GFP_beads_NHS_Ac_500nM_2	Indistinguishable Proteins	Protein reported by software	Representative protein	Potential contaminant	Leading proteins	Leading potential contaminants	Molecular weight [kDa]	Fasta header	iBAQ peptides	iBAQ intensity GFP_beads_NHS_Ac_0nM_1	iBAQ intensity GFP_beads_NHS_Ac_0nM_2	iBAQ intensity GFP_beads_NHS_Ac_1000nM_1	iBAQ intensity GFP_beads_NHS_Ac_1000nM_2	iBAQ intensity GFP_beads_NHS_Ac_100nM_1	iBAQ intensity GFP_beads_NHS_Ac_100nM_2	iBAQ intensity GFP_beads_NHS_Ac_5000nM_1	iBAQ intensity GFP_beads_NHS_Ac_5000nM_2	iBAQ intensity GFP_beads_NHS_Ac_500nM_1	iBAQ intensity GFP_beads_NHS_Ac_500nM_2	Sequence coverage	Valid	Expression GFP_beads_NHS_Ac_0nM_1	Expression GFP_beads_NHS_Ac_0nM_2	Expression GFP_beads_NHS_Ac_1000nM_1	Expression GFP_beads_NHS_Ac_1000nM_2	Expression GFP_beads_NHS_Ac_100nM_1	Expression GFP_beads_NHS_Ac_100nM_2	Expression GFP_beads_NHS_Ac_5000nM_1	Expression GFP_beads_NHS_Ac_5000nM_2	Expression GFP_beads_NHS_Ac_500nM_1	Expression GFP_beads_NHS_Ac_500nM_2	Missing total	Missing Acetylation 0nM	Missing Acetylation 100nM	Missing Acetylation 500nM	Missing Acetylation 1000nM	Missing Acetylation 5000nM	Missing GFP_beads_NHS_Ac_0nM_1	Missing GFP_beads_NHS_Ac_0nM_2	Missing GFP_beads_NHS_Ac_100nM_1	Missing GFP_beads_NHS_Ac_100nM_2	Missing GFP_beads_NHS_Ac_500nM_1	Missing GFP_beads_NHS_Ac_500nM_2	Missing GFP_beads_NHS_Ac_1000nM_1	Missing GFP_beads_NHS_Ac_1000nM_2	Missing GFP_beads_NHS_Ac_5000nM_1	Missing GFP_beads_NHS_Ac_5000nM_2	Events total	Events Acetylation 0nM	Events Acetylation 100nM	Events Acetylation 500nM	Events Acetylation 1000nM	Events Acetylation 5000nM	Expression Acetylation 0nM	Expression Acetylation 100nM	Expression Acetylation 500nM	Expression Acetylation 1000nM	Expression Acetylation 5000nM
0	pdb|3OGO|GFPNANOBODY_SYNTHETIC	pdb|3OGO|GFPNANOBODY_SYNTHETIC GFP-Nanobody OS=Synthetic OX=0000 GN=GFPNanobody PE=1 SV=1	pdb|3OGO|GFPNANOBODY_SYNTHETIC GFP-Nanobody OS=Synthetic OX=0000 GN=GFPNanobody PE=1 SV=1	GFPNanobody	123			GFP-Nanobody	1.0	0.999	15	651	626	651	114	151	35	32	89	126	9	22	29	44	111	148	32	29	86	123	8	20	27	42	114	151	35	32	89	126	9	22	29	44	9103324000.0	16830118000.0	498808030.0	693361860.0	4152046600.0	7319923000.0	439153060.0	247602260.0	614619840.0	864163600.0	5485903000.0	7421390300.0	197167280.0	391419900.0	2582260000.0	3959070000.0	56979652.0	43752220.0	341595420.0	495304830.0		3OGO	3OGO	False	3OGO	False	13.79	pdb|3OGO|GFPNANOBODY_SYNTHETIC GFP-Nanobody OS=Synthetic OX=0000 GN=GFPNanobody PE=1 SV=1	6	11468022168.340782	27183190956.17653	936924939.6429609	2043501439.5493634	7048080184.08698	9487906724.143246	728103405.585378	492297831.8266477	1790918318.302668	1753906030.5708551	70.7	True	32.35308196712102	32.78904233611879	27.55484491477839	28.544141864326505	31.265987122573314	31.8825144297554	25.76394347472189	25.382852885767573	28.347713391002316	28.883741448682315	0	0	0	0	0	0	False	False	False	False	False	False	False	False	False	False	10	2	2	2	2	2	32.571062151619905	31.574250776164355	28.615727419842315	28.049493389552445	25.57339818024473
1	sp|contam_O77727|K1C15_SHEEP	contam_O77727	K1C15_SHEEP	KRT15	453	Ovis aries	2:Experimental evidence at transcript level	Keratin, type I cytoskeletal 15	1.0	0.9986	12	4	4	82	0	0	0	1	0	1	0	0	1	1	0	0	0	1	0	1	0	0	1	1	8	12	5	8	13	11	0	3	14	8	1151741.9	0.0	165566.47	984653.1	3510217.5	1842258.4	0.0	155929.9	736724.5	813431.3	0.0	0.0	0.0	0.0	0.0	0.0	0.0	0.0	0.0	0.0		contam_O77727	contam_O77727	True	contam_O77727	True	48.74	sp|contam_O77727|K1C15_SHEEP Keratin, type I cytoskeletal 15 OS=Ovis aries GN=KRT15 PE=2 SV=1	28	310911.5882460767	0.0	66640.30430632578	621858.3511275081	1276838.188162711	511690.8585641458	0.0	66434.8468331076	460010.27791854483	353772.809716592	1.8	False											10	2	2	2	2	2	True	True	True	True	True	True	True	True	True	True	0	0	0	0	0	0					
2	sp|contam_O82803|SRPP_HEVBR	contam_O82803	SRPP_HEVBR	SRPP	204	Hevea brasiliensis	1:Experimental evidence at protein level	Small rubber particle protein	1.0	0.999	3	20	20	20	2	2	2	2	3	2	0	3	1	3	2	2	2	2	3	2	0	3	1	3	2	2	2	2	3	2	0	3	1	3	15157726.0	12613876.0	6963277.5	7679082.0	12163294.0	12711635.0	0.0	8480965.0	2612366.5	8254220.0	0.0	0.0	0.0	0.0	0.0	0.0	0.0	0.0	0.0	0.0		contam_O82803	contam_O82803	True	contam_O82803	True	22.33	sp|contam_O82803|SRPP_HEVBR Small rubber particle protein OS=Hevea brasiliensis GN=SRPP PE=1 SV=1	14	8183626.322631575	8731423.375442564	5605421.575629309	9699459.171342531	8848772.631924018	7061362.756607917	0.0	7226729.585178293	3262319.7401202107	7179754.7043466065	9.3	False											10	2	2	2	2	2	True	True	True	True	True	True	True	True	True	True	0	0	0	0	0	0					
3	sp|contam_O95678|K2C75_HUMAN	contam_O95678	K2C75_HUMAN	KRT75	551	Homo sapiens	1:Experimental evidence at protein level	Keratin, type II cytoskeletal 75	0.996	0.999	16	25	1	126	2	5	1	3	7	2	0	0	4	1	0	0	1	0	0	0	0	0	0	0	12	24	11	20	19	11	0	6	14	9	1272763.2	10130266.0	1409069.8	2151811.0	33486860.0	796224.4	2199536.8	1423637.0	3050206.8	1711964.5	1173561.6	0.0	1455038.5	0.0	3877108.5	0.0	0.0	1203106.2	0.0	1173492.8		contam_O95678	contam_O95678	True	contam_O95678	True	59.52	sp|contam_O95678|K2C75_HUMAN Keratin, type II cytoskeletal 75 OS=Homo sapiens GN=KRT75 PE=1 SV=2	29	331733.54213475744	3385223.7311319434	547592.0351014227	1312116.4345768755	11760784.605968483	213526.9165146321	754504.1521468766	585633.400372695	1838873.01987317	718883.241315023	7.3	False	20.162462139930117		20.47262589635755		21.886549678470956			20.198332566327704		20.162377559514052	5	1	1	1	1	1	False	True	False	True	True	False	False	True	True	False	5	1	1	1	1	1	20.162462139930117	21.886549678470956	20.162377559514052	20.47262589635755	20.198332566327704
4	sp|contam_P00722|BGAL_ECOLI	contam_P00722	BGAL_ECOLI	lacZ	1024	Escherichia coli (strain K12)	1:Experimental evidence at protein level	Beta-galactosidase	0.6005	0.9918	1	1	1	1	0	0	0	0	0	0	0	0	0	1	0	0	0	0	0	0	0	0	0	1	0	0	0	0	0	0	0	0	0	1	6654077.0	0.0	965081.9	0.0	5352978.5	0.0	0.0	392389.34	0.0	641441.2	0.0	0.0	0.0	0.0	0.0	0.0	0.0	0.0	0.0	0.0		contam_P00722	contam_P00722	True	contam_P00722	True	116.41	sp|contam_P00722|BGAL_ECOLI Beta-galactosidase OS=Escherichia coli (strain K12) GN=lacZ PE=1 SV=2	51	986182.7916903698	0.0	213263.5371020541	0.0	1069018.424954537	0.0	0.0	91784.97487623391	0.0	153161.02984865176	0.9	False											10	2	2	2	2	2	True	True	True	True	True	True	True	True	True	True	0	0	0	0	0	0					
5	sp|contam_P00761|TRYP_PIG	contam_P00761	TRYP_PIG		231	Sus scrofa	1:Experimental evidence at protein level	Trypsin	1.0	0.999	4	229	221	229	28	22	28	27	23	25	7	28	21	20	27	21	27	26	22	24	7	27	20	20	28	22	28	27	23	25	7	28	21	20	2064371500.0	2286358300.0	1889949000.0	1770388600.0	2157971200.0	2103747500.0	1054127800.0	1805955600.0	1661803900.0	1750157300.0	1958302000.0	2165517600.0	1670390300.0	1616116900.0	2109243000.0	1980488800.0	1023143800.0	1532073700.0	1647768600.0	1487388300.0		contam_P00761	contam_P00761	True	contam_P00761	True	24.39	sp|contam_P00761|TRYP_PIG Trypsin OS=Sus scrofa PE=1 SV=1	11	1418518302.2072284	2014262794.0675642	1936332849.7920506	2846047663.2676063	1998079788.4831588	1487359911.8323717	953298657.2367136	1958569344.7999866	2641238033.877522	1937519139.1059449	19.9	True	30.866956121637422	31.012064751780585	30.637538093263323	30.589884411575067	30.974078167562524	30.883209396566766	29.930361780073675	30.51283855338168	30.617866509691673	30.470134182852618	0	0	0	0	0	0	False	False	False	False	False	False	False	False	False	False	10	2	2	2	2	2	30.939510436709003	30.928643782064647	30.544000346272146	30.613711252419193	30.221600166727676
6	sp|contam_P00883|ALDOA_RABIT	contam_P00883	ALDOA_RABIT	ALDOA	364	Oryctolagus cuniculus	1:Experimental evidence at protein level	Fructose-bisphosphate aldolase A	0.9128	0.9988	1	1	1	1	1	0	0	0	0	0	0	0	0	0	1	0	0	0	0	0	0	0	0	0	1	0	0	0	0	0	0	0	0	0	1010866.75	0.0	0.0	0.0	0.0	0.0	0.0	0.0	0.0	0.0	0.0	0.0	0.0	0.0	0.0	0.0	0.0	0.0	0.0	0.0		contam_P00883	contam_P00883	True	contam_P00883	True	39.32	sp|contam_P00883|ALDOA_RABIT Fructose-bisphosphate aldolase A OS=Oryctolagus cuniculus GN=ALDOA PE=1 SV=2	23	332204.75905968447	0.0	0.0	0.0	0.0	0.0	0.0	0.0	0.0	0.0	5.5	False											10	2	2	2	2	2	True	True	True	True	True	True	True	True	True	True	0	0	0	0	0	0					
7	sp|contam_P01826|HV1A_RABIT	contam_P01826	HV1A_RABIT		173	Oryctolagus cuniculus	1:Experimental evidence at protein level	Ig heavy chain V-A1 region BS-5	0.9999	0.9989	2	10	10	10	2	1	0	1	1	1	0	1	1	2	2	1	0	1	1	1	0	1	1	2	2	1	0	1	1	1	0	1	1	2	15957778.0	19604974.0	261931.69	389847.6	10033477.0	10911745.0	0.0	0.0	622492.94	1626742.2	0.0	0.0	0.0	0.0	0.0	0.0	0.0	0.0	0.0	0.0		contam_P01826	contam_P01826	True	contam_P01826	True	18.47	sp|contam_P01826|HV1A_RABIT Ig heavy chain V-A1 region BS-5 OS=Oryctolagus cuniculus PE=1 SV=1	9	13402002.159611208	21110002.593084455	327995.69919223734	765982.0725307507	11354520.992320988	9429026.212218938	0.0	0.0	1209239.6380176335	2201090.129048173	9.2	False											10	2	2	2	2	2	True	True	True	True	True	True	True	True	True	True	0	0	0	0	0	0					
8	sp|contam_P02533|K1C14_HUMAN	contam_P02533	K1C14_HUMAN	KRT14	472	Homo sapiens	1:Experimental evidence at protein level	Keratin, type I cytoskeletal 14	1.0	0.999	21	100	16	175	7	15	10	16	18	10	0	2	14	8	1	3	0	3	4	2	0	0	2	1	13	26	14	24	26	20	0	8	29	15	14974296.0	66323932.0	12164136.0	39407720.0	64473260.0	15170512.0	12934.004	2535394.8	27258580.0	10372192.0	5007394.5	16482285.0	1219575.1	7873165.5	13220244.0	4752456.5	0.0	780731.8	6564467.0	2762806.2		contam_P02533	contam_P02533	True	contam_P02533	True	51.53	sp|contam_P02533|K1C14_HUMAN Keratin, type I cytoskeletal 14 OS=Homo sapiens GN=KRT14 PE=1 SV=4	29	3902906.8824855476	22163420.836963344	4727220.743422703	24029767.047944184	22643392.77270558	4068341.3486301405	4436.734007762139	1042970.8401869639	16433334.068383297	4355461.228607108	33.3	True	22.25562868976951	23.974412926735752	20.21794716965719	22.908512374428017	23.656245468465723	22.180241991038297		19.574467507743453	22.64624644599092	21.397702935634943	1	0	0	0	0	1	False	False	False	False	False	False	False	False	True	False	9	2	2	2	2	1	23.11502080825263	22.91824372975201	22.021974690812932	21.563229772042604	19.574467507743453
9	sp|contam_P02538|K2C6A_HUMAN	contam_P02538	K2C6A_HUMAN	KRT6A	564	Homo sapiens	1:Experimental evidence at protein level	Keratin, type II cytoskeletal 6A	1.0	0.999	34	42	7	223	1	2	6	4	19	3	0	2	3	2	0	0	1	1	2	0	0	1	1	1	18	32	21	29	47	21	1	10	26	18	3441269.5	5360465.0	10734874.0	4812661.5	95945256.0	4536298.5	16049.891	4098638.0	2301157.0	4895817.5	1205862.4	2881607.8	2787163.8	2088468.1	27120822.0	1990441.6	0.0	1336151.6	1233476.8	1851205.9		contam_P02538	contam_P02538	True	contam_P02538	True	60.01	sp|contam_P02538|K2C6A_HUMAN Keratin, type II cytoskeletal 6A OS=Homo sapiens GN=KRT6A PE=1 SV=3	30	867036.1488448614	1731592.6567942165	4032722.237661166	2836810.4075738452	32573326.974256624	1175968.027009872	5322.053452786647	1629832.135492065	1341051.4781268411	1987309.7727847663	20.6	True	20.20163386116965	21.458442560805267	21.410366360608222	20.99401367675915	24.692897569726792	20.924657112380473		20.349652274860798	20.234299150110395	20.8200339369198	1	0	0	0	0	1	False	False	False	False	False	False	False	False	True	False	9	2	2	2	2	1	20.83003821098746	22.808777341053634	20.527166543515097	21.202190018683687	20.349652274860798
10	sp|contam_P02663|CASA2_BOVIN	contam_P02663	CASA2_BOVIN	CSN1S2	222	Bos taurus	1:Experimental evidence at protein level	Alpha-S2-casein	1.0	0.999	4	6	6	6	0	6	0	0	0	0	0	0	0	0	0	6	0	0	0	0	0	0	0	0	0	6	0	0	0	0	0	0	0	0	0.0	9404045.0	0.0	0.0	0.0	0.0	0.0	0.0	0.0	200063.7	0.0	0.0	0.0	0.0	0.0	0.0	0.0	0.0	0.0	0.0		contam_P02663	contam_P02663	True	contam_P02663	True	26.0	sp|contam_P02663|CASA2_BOVIN Alpha-S2-casein OS=Bos taurus GN=CSN1S2 PE=1 SV=2	12	0.0	7594478.868047067	0.0	0.0	0.0	0.0	0.0	0.0	0.0	203024.59506991412	15.3	False											10	2	2	2	2	2	True	True	True	True	True	True	True	True	True	True	0	0	0	0	0	0					
11	sp|contam_P02666|CASB_BOVIN	contam_P02666	CASB_BOVIN	CSN2	224	Bos taurus	1:Experimental evidence at protein level	Beta-casein	0.9254	0.999	1	4	4	4	0	1	0	0	0	0	0	1	2	0	0	1	0	0	0	0	0	1	2	0	0	1	0	0	0	0	0	1	2	0	691578.75	22477010.0	537124.5	0.0	1151657.5	1882300.0	0.0	1312651.2	2445685.5	1791842.5	0.0	0.0	0.0	0.0	0.0	0.0	0.0	0.0	0.0	0.0		contam_P02666	contam_P02666	True	contam_P02666	True	25.09	sp|contam_P02666|CASB_BOVIN Beta-casein OS=Bos taurus GN=CSN2 PE=1 SV=2	7	746764.0017602431	31117523.35666789	864767.8513743291	0.0	1675657.1644737083	2091249.9637950715	0.0	2237050.9162718602	6108337.4670252185	3117190.871777875	3.1	False											10	2	2	2	2	2	True	True	True	True	True	True	True	True	True	True	0	0	0	0	0	0					
12	sp|contam_P02768|ALBU_HUMAN	contam_P02768	ALBU_HUMAN	ALB	609	Homo sapiens	1:Experimental evidence at protein level	Serum albumin	0.9825	0.9985	2	2	1	2	0	1	0	0	0	0	0	1	0	0	0	0	0	0	0	0	0	1	0	0	0	1	0	0	0	0	0	1	0	0	0.0	551448.5	0.0	0.0	304015.7	0.0	0.0	457962.7	0.0	0.0	0.0	0.0	0.0	0.0	0.0	0.0	0.0	0.0	0.0	0.0		contam_P02768	contam_P02768	True	contam_P02768	True	69.32	sp|contam_P02768|ALBU_HUMAN Serum albumin OS=Homo sapiens GN=ALB PE=1 SV=2	36	0.0	148445.48206175296	0.0	0.0	86010.87757626694	0.0	0.0	151758.20303328242	0.0	0.0	2.5	False											10	2	2	2	2	2	True	True	True	True	True	True	True	True	True	True	0	0	0	0	0	0					
13	sp|contam_P04259|K2C6B_HUMAN	contam_P04259	K2C6B_HUMAN	KRT6B	564	Homo sapiens	1:Experimental evidence at protein level	Keratin, type II cytoskeletal 6B	1.0	0.999	32	11	2	246	1	1	1	1	2	1	0	2	1	1	0	0	0	0	1	0	0	1	0	0	23	37	22	34	45	23	2	13	28	19	769988.0	1243804.2	1415077.6	1023359.4	11320183.0	792002.94	0.0	2977737.0	676526.94	1231799.2	0.0	0.0	1478740.8	0.0	12265015.0	0.0	0.0	778308.8	0.0	1316215.1		contam_P04259	contam_P04259	True	contam_P04259	True	60.03	sp|contam_P04259|K2C6B_HUMAN Keratin, type II cytoskeletal 6B OS=Homo sapiens GN=KRT6B PE=1 SV=5	30	194000.33335859256	401786.45308006025	531595.8906957075	603216.4523951096	3843191.812083145	205315.00180991573	0.0	1184103.4640394528	394261.43147974194	500011.8138121891	6.4	False			20.495937762176194		23.548045662510834			19.569983143579286		20.327963847413194	6	2	1	1	1	1	True	True	False	True	True	False	False	True	True	False	4	0	1	1	1	1		23.548045662510834	20.327963847413194	20.495937762176194	19.569983143579286
14	sp|contam_P04264|K2C1_HUMAN	contam_P04264	K2C1_HUMAN	KRT1	644	Homo sapiens	1:Experimental evidence at protein level	Keratin, type II cytoskeletal 1	1.0	0.999	46	625	398	625	57	92	44	122	61	69	15	43	48	74	34	55	28	82	39	44	11	28	28	49	57	92	44	122	61	69	15	43	48	74	815634400.0	3946504000.0	384374500.0	3174976500.0	1254044800.0	924869060.0	165279540.0	352600640.0	959497900.0	944769660.0	269925220.0	1260988400.0	86607310.0	960264960.0	426110460.0	510643400.0	48013588.0	84728170.0	217504160.0	341602750.0		contam_P04264	contam_P04264	True	contam_P04264	True	66.0	sp|contam_P04264|K2C1_HUMAN Keratin, type II cytoskeletal 1 OS=Homo sapiens GN=KRT1 PE=1 SV=6	31	198871987.65569657	1233716516.422038	139738310.4107373	1811111011.5981026	412013290.40512615	232024423.06651732	53037836.62106241	135689415.42494208	541131466.330086	371129816.42283785	48.1	True	28.007984537938135	30.23190785816988	26.367985463478433	29.838857293824717	28.666652225787306	28.927740917885718	25.516939415171365	26.336338373586496	27.69646775341188	28.347744348212434	0	0	0	0	0	0	False	False	False	False	False	False	False	False	False	False	10	2	2	2	2	2	29.11994619805401	28.797196571836512	28.022106050812155	28.103421378651575	25.926638894378932
15	sp|contam_P08729|K2C7_HUMAN	contam_P08729	K2C7_HUMAN	KRT7	469	Homo sapiens	1:Experimental evidence at protein level	Keratin, type II cytoskeletal 7	1.0	0.999	7	3	2	64	0	2	0	0	0	0	0	0	0	1	0	1	0	0	0	0	0	0	0	1	7	14	7	10	7	5	0	4	5	5	0.0	0.0	0.0	0.0	0.0	0.0	0.0	0.0	0.0	0.0	0.0	0.0	0.0	0.0	0.0	0.0	0.0	0.0	0.0	0.0		contam_P08729	contam_P08729	True	contam_P08729	True	51.35	sp|contam_P08729|K2C7_HUMAN Keratin, type II cytoskeletal 7 OS=Homo sapiens GN=KRT7 PE=1 SV=5	29	0.0	0.0	0.0	0.0	0.0	0.0	0.0	0.0	0.0	0.0	10.4	False											10	2	2	2	2	2	True	True	True	True	True	True	True	True	True	True	0	0	0	0	0	0					
16	sp|contam_P08779|K1C16_HUMAN	contam_P08779	K1C16_HUMAN	KRT16	473	Homo sapiens	1:Experimental evidence at protein level	Keratin, type I cytoskeletal 16	1.0	0.999	22	36	12	145	2	4	3	3	10	3	0	2	8	1	0	2	0	1	7	1	0	0	1	0	9	19	13	20	25	17	0	7	23	12	25018580.0	41956036.0	4345963.5	7644976.5	44600256.0	53048440.0	101169.23	5905475.0	198107250.0	16488084.0	13517814.0	65761204.0	5665627.5	7178056.0	59016720.0	28227338.0	0.0	8456457.0	106077770.0	9548586.0		contam_P08779	contam_P08779	True	contam_P08779	True	51.24	sp|contam_P08779|K1C16_HUMAN Keratin, type I cytoskeletal 16 OS=Homo sapiens GN=KRT16 PE=1 SV=4	29	6520853.339082871	14020418.489645401	1688926.2671313386	4661700.914998576	15663875.448072871	14226227.956731131	34703.9449871911	2429301.433628053	119432583.08461875	6923629.122563214	19.2	True	23.68835853281798	25.97073337729634	22.433804320780958	22.775161747787045	25.814620405868798	24.750589744990585		23.01162191362025	26.660547111195243	23.186855677150607	1	0	0	0	0	1	False	False	False	False	False	False	False	False	True	False	9	2	2	2	2	1	24.82954595505716	25.282605075429693	24.923701394172923	22.604483034284	23.01162191362025
17	sp|contam_P13645|K1C10_HUMAN	contam_P13645	K1C10_HUMAN	KRT10	584	Homo sapiens	1:Experimental evidence at protein level	Keratin, type I cytoskeletal 10	1.0	0.999	30	366	200	410	36	70	17	39	45	46	4	18	62	29	20	39	8	25	26	20	3	9	39	11	40	75	20	45	49	50	4	22	72	33	445094620.0	2347286000.0	47638384.0	136290190.0	548255800.0	286986750.0	5660874.0	41958304.0	1248593000.0	133595480.0	103821656.0	490177700.0	12069132.0	43262070.0	127651250.0	87982810.0	1218503.6	11821639.0	243322140.0	33160734.0		contam_P13645	contam_P13645	True	contam_P13645	True	58.79	sp|contam_P13645|K1C10_HUMAN Keratin, type I cytoskeletal 10 OS=Homo sapiens GN=KRT10 PE=1 SV=6	26	129395380.17193288	874897520.9446603	20649345.286612503	92695253.99316674	214768089.75958738	85842754.03312145	2165900.6917979037	19251702.69788269	839591439.0835167	62571997.50380459	39.9	True	26.62953216373028	28.86872961125303	23.524818586839263	25.366599361117704	26.927632424223262	26.39071834307183	20.216679082752663	23.49492673468867	27.8582923568721	24.982972604894425	0	0	0	0	0	0	False	False	False	False	False	False	False	False	False	False	10	2	2	2	2	2	27.749130887491653	26.659175383647543	26.420632480883263	24.445708973978483	21.855802908720666
18	sp|contam_P13646|K1C13_HUMAN	contam_P13646	K1C13_HUMAN	KRT13	458	Homo sapiens	1:Experimental evidence at protein level	Keratin, type I cytoskeletal 13	1.0	0.999	19	16	7	61	0	0	0	0	16	0	0	0	0	0	0	0	0	0	7	0	0	0	0	0	6	7	2	4	21	6	0	2	9	4	0.0	0.0	0.0	0.0	47225564.0	686613.25	0.0	0.0	0.0	0.0	0.0	0.0	0.0	0.0	0.0	0.0	0.0	0.0	0.0	0.0		contam_P13646	contam_P13646	True	contam_P13646	True	49.56	sp|contam_P13646|K1C13_HUMAN Keratin, type I cytoskeletal 13 OS=Homo sapiens GN=KRT13 PE=1 SV=4	28	0.0	0.0	0.0	0.0	17178252.792803336	190708.16742864	0.0	0.0	0.0	0.0	29.7	False											10	2	2	2	2	2	True	True	True	True	True	True	True	True	True	True	0	0	0	0	0	0					
19	sp|contam_P13647|K2C5_HUMAN	contam_P13647	K2C5_HUMAN	KRT5	590	Homo sapiens	1:Experimental evidence at protein level	Keratin, type II cytoskeletal 5	1.0	0.999	40	203	42	287	15	39	15	28	36	19	0	12	24	15	3	7	3	6	7	4	0	3	6	3	25	54	21	39	46	30	0	16	33	23	45228250.0	383622370.0	39605536.0	103996744.0	161112930.0	54421460.0	34321320.0	14842636.0	104153160.0	42859396.0	16054080.0	132069140.0	5701095.0	35572908.0	56044244.0	17451460.0	930093.1	4728692.5	34762110.0	11373884.0		contam_P13647	contam_P13647	True	contam_P13647	True	62.34	sp|contam_P13647|K2C5_HUMAN Keratin, type II cytoskeletal 5 OS=Homo sapiens GN=KRT5 PE=1 SV=3	31	11027774.178833993	119924179.46059759	14398485.548733413	59323162.93640248	52933251.201321326	13652860.069659537	11013635.219333269	5711812.100525967	58739630.58565534	16836272.842921007	36.6	True	23.936436656122456	26.97671815702252	22.44280761129453	25.084275580295134	25.74006287347635	24.056844402460136	19.827015608061554	22.173009897808615	25.051012318117273	23.439221659927124	0	0	0	0	0	0	False	False	False	False	False	False	False	False	False	False	10	2	2	2	2	2	25.45657740657249	24.898453637968245	24.2451169890222	23.763541595794834	21.000012752935085
20	sp|contam_P15252|REF_HEVBR	contam_P15252	REF_HEVBR		138	Hevea brasiliensis	1:Experimental evidence at protein level	Rubber elongation factor protein	1.0	0.999	5	32	32	32	7	6	1	3	0	6	0	2	1	6	7	6	1	3	0	6	0	2	1	6	7	6	1	3	0	6	0	2	1	6	8335176.0	8983622.0	919701.06	2722582.8	2288037.0	8332533.0	0.0	2544853.0	1218857.8	8359466.5	3762723.2	3874936.5	0.0	1871249.0	1840710.1	4469637.0	0.0	1726011.2	0.0	3911485.8		contam_P15252	contam_P15252	True	contam_P15252	True	14.71	sp|contam_P15252|REF_HEVBR Rubber elongation factor protein OS=Hevea brasiliensis PE=1 SV=2	10	6300203.078239687	8705946.528863618	1036499.9859325446	4814457.378222969	2330359.4290330685	6480256.353503622	0.0	3035898.6567025837	2130951.153245645	10179821.53381955	41.3	True	21.843345732587167	21.885741237934088		20.835570114628347	20.811830998714075	22.091726237519065		20.719010395447086		21.899285296836137	3	0	0	1	1	1	False	False	False	False	True	False	True	False	True	False	7	2	2	1	1	1	21.864543485260626	21.45177861811657	21.899285296836137	20.835570114628347	20.719010395447086
21	sp|contam_P15636|API_ACHLY	contam_P15636	API_ACHLY		653	Achromobacter lyticus	1:Experimental evidence at protein level	Protease 1	1.0	0.999	8	67	67	67	9	11	9	6	8	10	2	4	2	6	9	11	9	6	8	10	2	4	2	6	9	11	9	6	8	10	2	4	2	6	32342596.0	49013880.0	8106831.5	8580676.0	22748566.0	24233486.0	1514381.8	4789751.0	2631489.2	11107941.0	12137814.0	16997640.0	2288684.0	3584203.0	6321176.5	9215196.0	1656504.0	1228585.6	0.0	2768564.0		contam_P15636	contam_P15636	True	contam_P15636	True	68.08	sp|contam_P15636|API_ACHLY Protease 1 OS=Achromobacter lyticus PE=1 SV=1	24	10185993.816920333	19791210.90450943	3806821.541061174	6322320.555065819	9653896.781950546	7852714.255629164	627700.5936930707	2380818.366005138	1916950.0827924924	5636167.9394750185	17.3	True	23.533005282235674	24.018831116653995	21.126086852181036	21.77322091955438	22.591761667718934	23.135583420499845	20.65971025645768	20.22856694830487		21.400706441893366	1	0	0	1	0	0	False	False	False	False	True	False	False	False	False	False	9	2	2	1	2	2	23.775918199444835	22.86367254410939	21.400706441893366	21.449653885867708	20.444138602381273
22	sp|contam_P18524|HVM53_MOUSE	contam_P18524	HVM53_MOUSE		117	Mus musculus	1:Experimental evidence at protein level	Ig heavy chain V region RF	0.9999	0.9966	2	4	0	29	0	2	0	0	1	1	0	0	0	0	0	0	0	0	0	0	0	0	0	0	3	5	3	3	4	4	1	2	2	2	0.0	0.0	0.0	0.0	0.0	0.0	0.0	0.0	0.0	0.0	0.0	0.0	0.0	0.0	0.0	0.0	0.0	0.0	0.0	0.0	sp|contam_P18525|HVM54_MOUSE, sp|contam_P18526|HVM55_MOUSE, sp|contam_P18528|HVM57_MOUSE, sp|contam_P18530|HVM59_MOUSE	contam_P18524	contam_P18524	True	contam_P18524;contam_P18525;contam_P18526;contam_P18528;contam_P18530	True;True;True;True;True	12.86	sp|contam_P18524|HVM53_MOUSE Ig heavy chain V region RF OS=Mus musculus PE=1 SV=1	7	0.0	0.0	0.0	0.0	0.0	0.0	0.0	0.0	0.0	0.0	9.4	False											10	2	2	2	2	2	True	True	True	True	True	True	True	True	True	True	0	0	0	0	0	0					
23	sp|contam_P19013|K2C4_HUMAN	contam_P19013	K2C4_HUMAN	KRT4	534	Homo sapiens	1:Experimental evidence at protein level	Keratin, type II cytoskeletal 4	0.9977	0.9978	7	3	3	107	0	0	1	0	2	0	0	0	0	0	0	0	1	0	2	0	0	0	0	0	11	21	6	13	18	8	1	5	16	8	0.0	0.0	4210295.5	0.0	2087561.1	0.0	0.0	0.0	0.0	0.0	0.0	0.0	0.0	0.0	0.0	0.0	0.0	0.0	0.0	0.0		contam_P19013	contam_P19013	True	contam_P19013	True	57.25	sp|contam_P19013|K2C4_HUMAN Keratin, type II cytoskeletal 4 OS=Homo sapiens GN=KRT4 PE=1 SV=4	27	0.0	0.0	1757403.2582419107	0.0	787472.3233266227	0.0	0.0	0.0	0.0	0.0	1.7	False											10	2	2	2	2	2	True	True	True	True	True	True	True	True	True	True	0	0	0	0	0	0					
24	sp|contam_P20760|IGG2A_RAT	contam_P20760	IGG2A_RAT	Igg-2a	322	Rattus norvegicus	1:Experimental evidence at protein level	Ig gamma-2A chain C region	0.9966	0.9985	1	7	0	7	0	1	1	1	1	1	0	0	1	1	0	0	0	0	0	0	0	0	0	0	0	1	1	1	1	1	0	0	1	1	0.0	0.0	0.0	0.0	0.0	0.0	0.0	0.0	0.0	0.0	0.0	0.0	0.0	0.0	0.0	0.0	0.0	0.0	0.0	0.0		contam_P20760	contam_P20760	True	contam_P20760	True	35.16	sp|contam_P20760|IGG2A_RAT Ig gamma-2A chain C region OS=Rattus norvegicus GN=Igg-2a PE=1 SV=1	16	0.0	0.0	0.0	0.0	0.0	0.0	0.0	0.0	0.0	0.0	3.1	False											10	2	2	2	2	2	True	True	True	True	True	True	True	True	True	True	0	0	0	0	0	0					
25	sp|contam_P20930|FILA_HUMAN	contam_P20930	FILA_HUMAN	FLG	4061	Homo sapiens	1:Experimental evidence at protein level	Filaggrin	1.0	0.999	14	107	107	107	8	24	7	20	15	9	0	7	10	7	8	24	7	20	15	9	0	7	10	7	8	24	7	20	15	9	0	7	10	7	11007477.0	89070840.0	9559043.0	38421804.0	40004880.0	13166414.0	482713.66	9593954.0	11429508.0	11233312.0	3551545.5	20798916.0	3251832.0	10289998.0	10196597.0	4003356.2	169386.81	3198525.5	4505258.5	3770963.8		contam_P20930	contam_P20930	True	contam_P20930	True	434.92	sp|contam_P20930|FILA_HUMAN Filaggrin OS=Homo sapiens GN=FLG PE=1 SV=3	210	396194.33910232375	4110368.689456514	513000.4357341623	3235375.610325341	1940231.4717674588	487599.61750360235	22866.447245300646	545008.0363153613	951543.6053417944	651403.5622779878	2.3	True	21.76001553759711	24.310005004011707	21.632821294440795	23.29473936603619	23.281584413430185	21.93277855504993	17.36996201210302	21.608975554409394	22.10317845582221	21.846501870477006	0	0	0	0	0	0	False	False	False	False	False	False	False	False	False	False	10	2	2	2	2	2	23.035010270804406	22.60718148424006	21.974840163149608	22.463780330238492	19.489468783256207
26	sp|contam_P22629|SAV_STRAV	contam_P22629	SAV_STRAV		183	Streptomyces avidinii	1:Experimental evidence at protein level	Streptavidin	1.0	0.999	2	7	7	7	2	0	1	1	0	1	0	1	1	0	2	0	1	1	0	1	0	1	1	0	2	0	1	1	0	1	0	1	1	0	2559741.2	1112744.6	554392.4	650583.0	431454.44	1249213.4	0.0	574967.0	548416.6	599896.25	0.0	0.0	0.0	0.0	0.0	0.0	0.0	0.0	0.0	0.0		contam_P22629	contam_P22629	True	contam_P22629	True	18.82	sp|contam_P22629|SAV_STRAV Streptavidin OS=Streptomyces avidinii PE=1 SV=1	7	2763998.4339926103	1540500.9865861195	892569.0869924154	1643504.5871549589	627764.5250692951	1387885.8192223972	0.0	979872.2266631704	1369723.811716013	1043613.5511429035	15.8	False											10	2	2	2	2	2	True	True	True	True	True	True	True	True	True	True	0	0	0	0	0	0					
27	sp|contam_P35527|K1C9_HUMAN	contam_P35527	K1C9_HUMAN	KRT9	623	Homo sapiens	1:Experimental evidence at protein level	Keratin, type I cytoskeletal 9	1.0	0.999	31	339	317	339	39	42	15	73	33	47	5	26	10	49	37	39	14	69	31	45	5	24	7	46	39	42	15	73	33	47	5	26	10	49	266483980.0	379394080.0	69751950.0	1392607500.0	257533940.0	353786080.0	59123640.0	130412660.0	74600350.0	372062140.0	112769544.0	164238100.0	22741160.0	526198080.0	85355660.0	139862240.0	15226901.0	37534350.0	12242885.0	124338960.0		contam_P35527	contam_P35527	True	contam_P35527	True	62.03	sp|contam_P35527|K1C9_HUMAN Keratin, type I cytoskeletal 9 OS=Homo sapiens GN=KRT9 PE=1 SV=3	26	77470709.26588543	141410522.64320588	30234696.87730236	947156254.7919916	100883697.61352308	105823601.42334874	22621230.00399059	59837160.20457018	50163516.223968916	174262417.37624803	47.8	True	26.748802246578865	27.29121360183564	24.438802510506974	28.971030743483485	26.34698348686338	27.05943127544132	23.860119016616917	25.161708163595897	23.545440229166303	26.889703176100266	0	0	0	0	0	0	False	False	False	False	False	False	False	False	False	False	10	2	2	2	2	2	27.020007924207253	26.70320738115235	25.217571702633286	26.704916626995228	24.510913590106405
28	sp|contam_P35900|K1C20_HUMAN	contam_P35900	K1C20_HUMAN	KRT20	424	Homo sapiens	1:Experimental evidence at protein level	Keratin, type I cytoskeletal 20	0.9869	0.999	2	2	2	3	0	0	0	0	0	1	0	0	0	1	0	0	0	0	0	1	0	0	0	1	0	0	0	0	1	1	0	0	0	1	0.0	0.0	0.0	0.0	0.0	0.0	0.0	0.0	0.0	0.0	0.0	0.0	0.0	0.0	0.0	0.0	0.0	0.0	0.0	0.0		contam_P35900	contam_P35900	True	contam_P35900	True	48.46	sp|contam_P35900|K1C20_HUMAN Keratin, type I cytoskeletal 20 OS=Homo sapiens GN=KRT20 PE=1 SV=1	28	0.0	0.0	0.0	0.0	0.0	0.0	0.0	0.0	0.0	0.0	2.1	False											10	2	2	2	2	2	True	True	True	True	True	True	True	True	True	True	0	0	0	0	0	0					
29	sp|contam_P35908|K22E_HUMAN	contam_P35908	K22E_HUMAN	KRT2	639	Homo sapiens	1:Experimental evidence at protein level	Keratin, type II cytoskeletal 2 epidermal	1.0	0.999	61	650	411	690	64	147	32	85	82	55	4	29	104	48	39	101	17	55	55	37	2	14	62	29	67	153	34	91	86	61	4	33	109	52	572612740.0	6757105000.0	155545250.0	787607100.0	1376860800.0	324143970.0	11177347.0	79514216.0	2063231200.0	231544500.0	126045416.0	1364234600.0	23834802.0	201910690.0	250157780.0	94175310.0	7370605.0	15262327.0	448842560.0	57422420.0		contam_P35908	contam_P35908	True	contam_P35908	True	65.39	sp|contam_P35908|K22E_HUMAN Keratin, type II cytoskeletal 2 epidermal OS=Homo sapiens GN=KRT2 PE=1 SV=2	40	108203370.48633592	1637062278.9982984	43824742.74762555	348189668.80785006	350582240.11958873	63022133.27695154	2779758.980653411	23714248.086545575	901796112.9371277	70491391.02170818	60.3	True	26.909368410541507	30.34544461209738	24.50656630494094	27.589142054125475	27.898263080479598	26.488845541359268	22.81335161397377	23.8634716064246	28.74163424028128	25.775110796714642	0	0	0	0	0	0	False	False	False	False	False	False	False	False	False	False	10	2	2	2	2	2	28.627406511319442	27.19355431091943	27.25837251849796	26.047854179533207	23.338411610199184
30	sp|contam_P62894|CYC_BOVIN	contam_P62894	CYC_BOVIN	CYCS	105	Bos taurus	1:Experimental evidence at protein level	Cytochrome c	1.0	0.999	3	51	10	51	5	5	6	6	6	5	0	5	7	6	1	1	1	1	1	1	0	1	2	1	5	5	6	6	6	5	0	5	7	6	7202782.5	7117771.5	6382835.5	6221835.5	7039256.0	6396714.0	0.0	6335621.0	6876073.5	6925283.0	2142652.5	2272759.0	1886104.6	1994090.1	2119063.0	2018222.9	0.0	1886276.0	2040434.0	2090922.1		contam_P62894	contam_P62894	True	contam_P62894	True	11.7	sp|contam_P62894|CYC_BOVIN Cytochrome c OS=Bos taurus GN=CYCS PE=1 SV=2	6	9073792.09876931	11496279.578487273	11989056.723061271	18337221.20349875	11949104.984591305	8291265.601157448	0.0	12596865.963886505	20035939.596654642	14055551.075178154	21.9	True	21.030966458919394	21.116013280343797	20.846978256851877	20.927299166566055	21.0149950491704	20.94465408914302		20.847109355993982	20.960444615174957	20.995707882788157	1	0	0	0	0	1	False	False	False	False	False	False	False	False	True	False	9	2	2	2	2	1	21.073489869631594	20.979824569156712	20.97807624898156	20.887138711708964	20.847109355993982
31	sp|contam_Q04695|K1C17_HUMAN	contam_Q04695	K1C17_HUMAN	KRT17	432	Homo sapiens	1:Experimental evidence at protein level	Keratin, type I cytoskeletal 17	0.9999	0.9983	10	3	0	83	0	1	0	0	1	0	0	0	1	0	0	0	0	0	0	0	0	0	0	0	9	14	5	8	12	7	0	5	16	7	0.0	0.0	0.0	0.0	1637162.2	0.0	0.0	0.0	0.0	0.0	0.0	0.0	0.0	0.0	0.0	0.0	0.0	0.0	0.0	0.0		contam_Q04695	contam_Q04695	True	contam_Q04695	True	48.08	sp|contam_Q04695|K1C17_HUMAN Keratin, type I cytoskeletal 17 OS=Homo sapiens GN=KRT17 PE=1 SV=2	29	0.0	0.0	0.0	0.0	574981.1119714866	0.0	0.0	0.0	0.0	0.0	5.1	False											10	2	2	2	2	2	True	True	True	True	True	True	True	True	True	True	0	0	0	0	0	0					
32	sp|contam_Q14CN4|K2C72_HUMAN	contam_Q14CN4	K2C72_HUMAN	KRT72	511	Homo sapiens	1:Experimental evidence at protein level	Keratin, type II cytoskeletal 72	0.9964	0.9979	5	1	1	61	0	0	0	0	0	0	0	0	1	0	0	0	0	0	0	0	0	0	1	0	7	13	5	8	8	5	0	4	6	5	0.0	0.0	0.0	0.0	0.0	0.0	0.0	0.0	0.0	0.0	0.0	0.0	0.0	0.0	0.0	0.0	0.0	0.0	0.0	0.0		contam_Q14CN4	contam_Q14CN4	True	contam_Q14CN4	True	55.84	sp|contam_Q14CN4|K2C72_HUMAN Keratin, type II cytoskeletal 72 OS=Homo sapiens GN=KRT72 PE=1 SV=2	33	0.0	0.0	0.0	0.0	0.0	0.0	0.0	0.0	0.0	0.0	5.3	False											10	2	2	2	2	2	True	True	True	True	True	True	True	True	True	True	0	0	0	0	0	0					
33	sp|contam_Q3TTY5|K22E_MOUSE	contam_Q3TTY5	K22E_MOUSE	Krt2	707	Mus musculus	1:Experimental evidence at protein level	Keratin, type II cytoskeletal 2 epidermal	1.0	0.9955	17	4	4	201	0	1	0	2	1	0	0	0	0	0	0	1	0	2	1	0	0	0	0	0	18	36	13	29	22	21	1	13	32	16	0.0	1967828.2	0.0	0.0	0.0	0.0	0.0	0.0	0.0	0.0	0.0	0.0	0.0	0.0	0.0	0.0	0.0	0.0	0.0	0.0		contam_Q3TTY5	contam_Q3TTY5	True	contam_Q3TTY5	True	70.88	sp|contam_Q3TTY5|K22E_MOUSE Keratin, type II cytoskeletal 2 epidermal OS=Mus musculus GN=Krt2 PE=1 SV=1	39	0.0	488975.4987462096	0.0	0.0	0.0	0.0	0.0	0.0	0.0	0.0	3.8	False											10	2	2	2	2	2	True	True	True	True	True	True	True	True	True	True	0	0	0	0	0	0					
34	sp|contam_Q5D862|FILA2_HUMAN	contam_Q5D862	FILA2_HUMAN	FLG2	2391	Homo sapiens	1:Experimental evidence at protein level	Filaggrin-2	1.0	0.999	13	35	35	35	2	15	1	6	4	1	0	0	6	0	2	15	1	6	4	1	0	0	6	0	2	15	1	6	4	1	0	0	6	0	2250367.5	23868076.0	613825.3	5878748.0	5818132.5	570680.8	0.0	358752.38	5617355.5	1055364.0	1350211.8	7475558.0	0.0	2150057.2	1729506.4	794695.56	0.0	279792.53	1943052.2	327215.44		contam_Q5D862	contam_Q5D862	True	contam_Q5D862	True	247.93	sp|contam_Q5D862|FILA2_HUMAN Filaggrin-2 OS=Homo sapiens GN=FLG2 PE=1 SV=1	74	229858.99386042161	3125721.0516861635	93483.65382502218	1404815.7707092797	800777.3033165452	59975.88786842002	0.0	57834.58721365825	1327151.931839412	173672.94091266915	5.4	True	20.36475430166877	22.833749840111473		21.035943611026642	20.721928921705832	19.600042758485642		18.093997919870795	20.889893228698046	18.31988129938482	2	0	0	0	1	1	False	False	False	False	False	False	True	False	True	False	8	2	2	2	1	1	21.599252070890124	20.160985840095737	19.604887264041434	21.035943611026642	18.093997919870795
35	sp|contam_Q5XKE5|K2C79_HUMAN	contam_Q5XKE5	K2C79_HUMAN	KRT79	535	Homo sapiens	1:Experimental evidence at protein level	Keratin, type II cytoskeletal 79	0.9974	0.9975	11	2	2	88	0	0	0	1	0	0	0	0	1	0	0	0	0	1	0	0	0	0	1	0	10	16	10	15	9	8	0	5	8	7	3075578.5	0.0	0.0	4291529.5	2554640.8	0.0	0.0	1772737.9	829553.3	8744754.0	0.0	0.0	0.0	0.0	0.0	0.0	0.0	0.0	0.0	0.0		contam_Q5XKE5	contam_Q5XKE5	True	contam_Q5XKE5	True	57.8	sp|contam_Q5XKE5|K2C79_HUMAN Keratin, type II cytoskeletal 79 OS=Homo sapiens GN=KRT79 PE=1 SV=2	28	830249.3781032767	0.0	0.0	2710318.444825959	929248.0965861911	0.0	0.0	755285.3613177767	517972.51765245496	3803217.5462886747	1.9	False											10	2	2	2	2	2	True	True	True	True	True	True	True	True	True	True	0	0	0	0	0	0					
36	sp|contam_Q6E0U4|DMKN_HUMAN	contam_Q6E0U4	DMKN_HUMAN	DMKN	476	Homo sapiens	1:Experimental evidence at protein level	Dermokine	0.9229	0.999	1	3	3	3	1	0	0	1	0	0	0	1	0	0	1	0	0	1	0	0	0	1	0	0	1	0	0	1	0	0	0	1	0	0	0.0	0.0	164684.22	395728.38	582484.5	0.0	0.0	323046.75	0.0	0.0	0.0	0.0	0.0	0.0	0.0	0.0	0.0	0.0	0.0	0.0		contam_Q6E0U4	contam_Q6E0U4	True	contam_Q6E0U4	True	47.05	sp|contam_Q6E0U4|DMKN_HUMAN Dermokine OS=Homo sapiens GN=DMKN PE=1 SV=3	17	0.0	0.0	109175.62311165356	411637.1148539807	348975.8063200316	0.0	0.0	226694.52105349512	0.0	0.0	1.7	False											10	2	2	2	2	2	True	True	True	True	True	True	True	True	True	True	0	0	0	0	0	0					
37	sp|contam_Q6KB66|K2C80_HUMAN	contam_Q6KB66	K2C80_HUMAN	KRT80	452	Homo sapiens	1:Experimental evidence at protein level	Keratin, type II cytoskeletal 80	1.0	0.999	6	10	7	10	0	4	0	1	0	0	0	0	5	0	0	3	0	1	0	0	0	0	3	0	0	4	0	1	0	0	0	0	5	0	0.0	7154919.0	324852.97	466471.44	2518044.8	181362.0	0.0	0.0	4426076.0	563228.4	0.0	3530805.5	200407.56	0.0	798446.25	0.0	0.0	0.0	1131479.9	304916.84		contam_Q6KB66	contam_Q6KB66	True	contam_Q6KB66	True	50.49	sp|contam_Q6KB66|K2C80_HUMAN Keratin, type II cytoskeletal 80 OS=Homo sapiens GN=KRT80 PE=1 SV=2	33	0.0	2101141.5309471404	110941.87853102763	249963.9442235216	777158.1043922363	42741.27770082399	0.0	0.0	2344905.6919476655	207841.47129480282	13.3	True		21.751565919474626	17.61257740696588		19.606835765644416				20.109779525623292	18.218056304396125	5	1	1	0	1	2	True	False	False	True	False	False	False	True	True	True	5	1	1	2	1	0	21.751565919474626	19.606835765644416	19.16391791500971	17.61257740696588	
38	sp|contam_Q7Z3Y8|K1C27_HUMAN	contam_Q7Z3Y8	K1C27_HUMAN	KRT27	459	Homo sapiens	1:Experimental evidence at protein level	Keratin, type I cytoskeletal 27	0.9746	0.9926	3	2	2	55	0	0	1	1	0	0	0	0	0	0	0	0	1	1	0	0	0	0	0	0	1	9	4	5	5	9	0	4	10	8	0.0	0.0	0.0	0.0	0.0	0.0	0.0	0.0	0.0	0.0	0.0	0.0	0.0	0.0	0.0	0.0	0.0	0.0	0.0	0.0		contam_Q7Z3Y8	contam_Q7Z3Y8	True	contam_Q7Z3Y8	True	49.79	sp|contam_Q7Z3Y8|K1C27_HUMAN Keratin, type I cytoskeletal 27 OS=Homo sapiens GN=KRT27 PE=1 SV=2	25	0.0	0.0	0.0	0.0	0.0	0.0	0.0	0.0	0.0	0.0	2.0	False											10	2	2	2	2	2	True	True	True	True	True	True	True	True	True	True	0	0	0	0	0	0					
39	sp|contam_Q7Z794|K2C1B_HUMAN	contam_Q7Z794	K2C1B_HUMAN	KRT77	578	Homo sapiens	2:Experimental evidence at transcript level	Keratin, type II cytoskeletal 1b	1.0	0.999	15	22	14	85	3	8	0	0	2	1	0	0	6	2	2	5	0	0	1	1	0	0	3	2	10	20	4	8	9	9	0	5	12	8	5539921.5	22520190.0	537144.25	0.0	4755764.5	931883.6	0.0	0.0	5888173.0	3312802.8	1994025.1	4119148.0	284283.1	0.0	1268615.6	659017.44	0.0	0.0	1588424.8	671274.8		contam_Q7Z794	contam_Q7Z794	True	contam_Q7Z794	True	61.86	sp|contam_Q7Z794|K2C1B_HUMAN Keratin, type II cytoskeletal 1b OS=Homo sapiens GN=KRT77 PE=2 SV=3	31	1350770.8848002586	7040036.030867426	195277.34004686234	0.0	1562494.561627216	233784.17984395457	0.0	0.0	3320774.010547831	1301354.1258395864	14.2	True	20.92725213924966	21.973914532148495	18.116968810979895		20.274823557348775	19.32995711913689			20.599165360203315	19.35654395835585	3	0	0	0	1	2	False	False	False	False	False	False	False	True	True	True	7	2	2	2	1	0	21.45058333569908	19.80239033824283	19.977854659279583	18.116968810979895	
40	sp|contam_Q86YZ3|HORN_HUMAN	contam_Q86YZ3	HORN_HUMAN	HRNR	2850	Homo sapiens	1:Experimental evidence at protein level	Hornerin	1.0	0.999	29	93	93	93	5	22	4	35	4	11	1	3	1	7	5	22	4	35	4	11	1	3	1	7	5	22	4	35	4	11	1	3	1	7	7078112.5	22989914.0	5686984.5	49789004.0	7399608.5	14465681.0	1471847.0	5870570.5	1488669.4	14006883.0	2553828.8	11275531.0	2675943.0	14331745.0	3772209.2	4631685.0	0.0	3038538.8	0.0	5701284.0		contam_Q86YZ3	contam_Q86YZ3	True	contam_Q86YZ3	True	282.23	sp|contam_Q86YZ3|HORN_HUMAN Hornerin OS=Homo sapiens GN=HRNR PE=1 SV=2	85	629416.7691610875	2621096.1129456814	754024.9775161403	10358115.815708393	886644.8266829621	1323533.9998477919	172255.12053758607	823921.7189513763	306196.1949594508	2006707.9806375764	14.8	True	21.284230384235805	23.426692040311092	21.35161595492494	23.77271094370535	21.846978256851877	22.14310570857727		21.534946283524143		22.44285543804415	2	0	0	1	0	1	False	False	False	False	True	False	False	False	True	False	8	2	2	1	2	1	22.355461212273447	21.995041982714575	22.44285543804415	22.562163449315143	21.534946283524143
41	sp|contam_Q8N1N4|K2C78_HUMAN	contam_Q8N1N4	K2C78_HUMAN	KRT78	520	Homo sapiens	2:Experimental evidence at transcript level	Keratin, type II cytoskeletal 78	1.0	0.999	12	20	15	59	0	9	0	3	2	1	0	0	5	0	0	8	0	2	1	0	0	0	4	0	3	15	5	11	6	4	0	2	10	3	0.0	31616400.0	213893.72	2470144.2	1074812.4	0.0	0.0	39295.91	6884014.0	656976.56	0.0	9422829.0	182068.58	1480213.4	902580.3	0.0	0.0	0.0	1409490.2	576404.6		contam_Q8N1N4	contam_Q8N1N4	True	contam_Q8N1N4	True	56.83	sp|contam_Q8N1N4|K2C78_HUMAN Keratin, type II cytoskeletal 78 OS=Homo sapiens GN=KRT78 PE=2 SV=2	29	0.0	10565229.735621946	83123.27567464285	1506227.4524085752	377480.51409490284	0.0	0.0	16164.933472535055	4150153.8889196566	275875.7199233943	15.6	True		23.167728832085356	17.474122448979642	20.49737375121084	19.783695764617537				20.42674201639849	19.13672232343092	4	1	1	0	0	2	True	False	False	True	False	False	False	False	True	True	6	1	1	2	2	0	23.167728832085356	19.783695764617537	19.781732169914704	18.985748100095243	
42	sp|contam_Q922U2|K2C5_MOUSE	contam_Q922U2	K2C5_MOUSE	Krt5	580	Mus musculus	1:Experimental evidence at protein level	Keratin, type II cytoskeletal 5	0.9999	0.999	29	4	4	213	1	1	0	0	0	1	0	0	1	0	1	1	0	0	0	1	0	0	1	0	22	41	14	33	30	23	0	9	22	19	1078118.8	1456194.0	0.0	0.0	798303.6	1595330.5	0.0	506076.22	676522.25	0.0	0.0	0.0	0.0	0.0	0.0	0.0	0.0	0.0	0.0	0.0		contam_Q922U2	contam_Q922U2	True	contam_Q922U2	True	61.73	sp|contam_Q922U2|K2C5_MOUSE Keratin, type II cytoskeletal 5 OS=Mus musculus GN=Krt5 PE=1 SV=1	30	271634.6314490171	470394.7954641617	0.0	0.0	271023.3446823694	413565.743196501	0.0	201242.28740482862	394258.69827577873	0.0	1.7	False											10	2	2	2	2	2	True	True	True	True	True	True	True	True	True	True	0	0	0	0	0	0					
43	sp|contam_Q95M17|CHIA_BOVIN	contam_Q95M17	CHIA_BOVIN	CHIA	472	Bos taurus	1:Experimental evidence at protein level	Acidic mammalian chitinase	0.9127	0.9988	1	2	2	2	0	0	1	1	0	0	0	0	0	0	0	0	1	1	0	0	0	0	0	0	0	0	1	1	0	0	0	0	0	0	0.0	0.0	305734.22	2137697.8	0.0	0.0	0.0	0.0	0.0	0.0	0.0	0.0	0.0	0.0	0.0	0.0	0.0	0.0	0.0	0.0		contam_Q95M17	contam_Q95M17	True	contam_Q95M17	True	52.1	sp|contam_Q95M17|CHIA_BOVIN Acidic mammalian chitinase OS=Bos taurus GN=CHIA PE=1 SV=1	21	0.0	0.0	164076.8726313337	1800086.0460290047	0.0	0.0	0.0	0.0	0.0	0.0	1.7	False											10	2	2	2	2	2	True	True	True	True	True	True	True	True	True	True	0	0	0	0	0	0					
44	tr|contam_G3N0V2|G3N0V2_BOVIN	contam_G3N0V2	G3N0V2_BOVIN	KRT1	606	Bos taurus	1:Experimental evidence at protein level	Uncharacterized protein	1.0	0.991	17	4	4	250	0	0	0	1	0	1	0	0	0	2	0	0	0	1	0	1	0	0	0	2	19	41	19	39	26	24	5	18	33	26	0.0	0.0	0.0	0.0	0.0	0.0	0.0	0.0	0.0	0.0	0.0	0.0	0.0	0.0	0.0	0.0	0.0	0.0	0.0	0.0		contam_G3N0V2	contam_G3N0V2	True	contam_G3N0V2	True	63.11	tr|contam_G3N0V2|G3N0V2_BOVIN Uncharacterized protein OS=Bos taurus GN=KRT1 PE=1 SV=1	32	0.0	0.0	0.0	0.0	0.0	0.0	0.0	0.0	0.0	0.0	4.6	False											10	2	2	2	2	2	True	True	True	True	True	True	True	True	True	True	0	0	0	0	0	0					
45	tr|contam_Q2KIF2|Q2KIF2_BOVIN	contam_Q2KIF2	Q2KIF2_BOVIN	LRG1	346	Bos taurus	1:Experimental evidence at protein level	Leucine-rich alpha-2-glycoprotein 1	0.9219	0.9989	1	1	1	1	0	0	0	0	0	0	0	0	0	1	0	0	0	0	0	0	0	0	0	1	0	0	0	0	0	0	0	0	0	1	0.0	0.0	0.0	0.0	0.0	0.0	0.0	0.0	0.0	0.0	0.0	0.0	0.0	0.0	0.0	0.0	0.0	0.0	0.0	0.0		contam_Q2KIF2	contam_Q2KIF2	True	contam_Q2KIF2	True	38.32	tr|contam_Q2KIF2|Q2KIF2_BOVIN Leucine-rich alpha-2-glycoprotein 1 OS=Bos taurus GN=LRG1 PE=1 SV=1	17	0.0	0.0	0.0	0.0	0.0	0.0	0.0	0.0	0.0	0.0	3.5	False											10	2	2	2	2	2	True	True	True	True	True	True	True	True	True	True	0	0	0	0	0	0					
