	Protein	Protein ID	Protein entry name	Gene name	Protein length	Organism	Protein Existence	Protein name	Protein Probability	Top Peptide Probability	Total peptides	Spectral count Combined	Unique spectral count Combined	Total spectral count Combined	Spectral count Strp_beads_NHS_Ac_0nM_1	Spectral count Strp_beads_NHS_Ac_0nM_2	Spectral count Strp_beads_NHS_Ac_1000nM_1	Spectral count Strp_beads_NHS_Ac_1000nM_2	Spectral count Strp_beads_NHS_Ac_100nM_1	Spectral count Strp_beads_NHS_Ac_100nM_2	Spectral count Strp_beads_NHS_Ac_5000nM_1	Spectral count Strp_beads_NHS_Ac_5000nM_2	Spectral count Strp_beads_NHS_Ac_500nM_1	Spectral count Strp_beads_NHS_Ac_500nM_2	Unique spectral count Strp_beads_NHS_Ac_0nM_1	Unique spectral count Strp_beads_NHS_Ac_0nM_2	Unique spectral count Strp_beads_NHS_Ac_1000nM_1	Unique spectral count Strp_beads_NHS_Ac_1000nM_2	Unique spectral count Strp_beads_NHS_Ac_100nM_1	Unique spectral count Strp_beads_NHS_Ac_100nM_2	Unique spectral count Strp_beads_NHS_Ac_5000nM_1	Unique spectral count Strp_beads_NHS_Ac_5000nM_2	Unique spectral count Strp_beads_NHS_Ac_500nM_1	Unique spectral count Strp_beads_NHS_Ac_500nM_2	Total spectral count Strp_beads_NHS_Ac_0nM_1	Total spectral count Strp_beads_NHS_Ac_0nM_2	Total spectral count Strp_beads_NHS_Ac_1000nM_1	Total spectral count Strp_beads_NHS_Ac_1000nM_2	Total spectral count Strp_beads_NHS_Ac_100nM_1	Total spectral count Strp_beads_NHS_Ac_100nM_2	Total spectral count Strp_beads_NHS_Ac_5000nM_1	Total spectral count Strp_beads_NHS_Ac_5000nM_2	Total spectral count Strp_beads_NHS_Ac_500nM_1	Total spectral count Strp_beads_NHS_Ac_500nM_2	Intensity Strp_beads_NHS_Ac_0nM_1	Intensity Strp_beads_NHS_Ac_0nM_2	Intensity Strp_beads_NHS_Ac_1000nM_1	Intensity Strp_beads_NHS_Ac_1000nM_2	Intensity Strp_beads_NHS_Ac_100nM_1	Intensity Strp_beads_NHS_Ac_100nM_2	Intensity Strp_beads_NHS_Ac_5000nM_1	Intensity Strp_beads_NHS_Ac_5000nM_2	Intensity Strp_beads_NHS_Ac_500nM_1	Intensity Strp_beads_NHS_Ac_500nM_2	LFQ intensity Strp_beads_NHS_Ac_0nM_1	LFQ intensity Strp_beads_NHS_Ac_0nM_2	LFQ intensity Strp_beads_NHS_Ac_1000nM_1	LFQ intensity Strp_beads_NHS_Ac_1000nM_2	LFQ intensity Strp_beads_NHS_Ac_100nM_1	LFQ intensity Strp_beads_NHS_Ac_100nM_2	LFQ intensity Strp_beads_NHS_Ac_5000nM_1	LFQ intensity Strp_beads_NHS_Ac_5000nM_2	LFQ intensity Strp_beads_NHS_Ac_500nM_1	LFQ intensity Strp_beads_NHS_Ac_500nM_2	Indistinguishable Proteins	Protein reported by software	Representative protein	Potential contaminant	Leading proteins	Leading potential contaminants	Molecular weight [kDa]	Fasta header	iBAQ peptides	iBAQ intensity Strp_beads_NHS_Ac_0nM_1	iBAQ intensity Strp_beads_NHS_Ac_0nM_2	iBAQ intensity Strp_beads_NHS_Ac_1000nM_1	iBAQ intensity Strp_beads_NHS_Ac_1000nM_2	iBAQ intensity Strp_beads_NHS_Ac_100nM_1	iBAQ intensity Strp_beads_NHS_Ac_100nM_2	iBAQ intensity Strp_beads_NHS_Ac_5000nM_1	iBAQ intensity Strp_beads_NHS_Ac_5000nM_2	iBAQ intensity Strp_beads_NHS_Ac_500nM_1	iBAQ intensity Strp_beads_NHS_Ac_500nM_2	Sequence coverage	Valid	Expression Strp_beads_NHS_Ac_0nM_1	Expression Strp_beads_NHS_Ac_0nM_2	Expression Strp_beads_NHS_Ac_1000nM_1	Expression Strp_beads_NHS_Ac_1000nM_2	Expression Strp_beads_NHS_Ac_100nM_1	Expression Strp_beads_NHS_Ac_100nM_2	Expression Strp_beads_NHS_Ac_5000nM_1	Expression Strp_beads_NHS_Ac_5000nM_2	Expression Strp_beads_NHS_Ac_500nM_1	Expression Strp_beads_NHS_Ac_500nM_2	Missing total	Missing Acetylation 0nM	Missing Acetylation 100nM	Missing Acetylation 500nM	Missing Acetylation 1000nM	Missing Acetylation 5000nM	Missing Strp_beads_NHS_Ac_0nM_1	Missing Strp_beads_NHS_Ac_0nM_2	Missing Strp_beads_NHS_Ac_100nM_1	Missing Strp_beads_NHS_Ac_100nM_2	Missing Strp_beads_NHS_Ac_500nM_1	Missing Strp_beads_NHS_Ac_500nM_2	Missing Strp_beads_NHS_Ac_1000nM_1	Missing Strp_beads_NHS_Ac_1000nM_2	Missing Strp_beads_NHS_Ac_5000nM_1	Missing Strp_beads_NHS_Ac_5000nM_2	Events total	Events Acetylation 0nM	Events Acetylation 100nM	Events Acetylation 500nM	Events Acetylation 1000nM	Events Acetylation 5000nM	Expression Acetylation 0nM	Expression Acetylation 100nM	Expression Acetylation 500nM	Expression Acetylation 1000nM	Expression Acetylation 5000nM
0	pdb|3OGO|GFPNANOBODY_SYNTHETIC	pdb|3OGO|GFPNANOBODY_SYNTHETIC GFP-Nanobody OS=Synthetic OX=0000 GN=GFPNanobody PE=1 SV=1	pdb|3OGO|GFPNANOBODY_SYNTHETIC GFP-Nanobody OS=Synthetic OX=0000 GN=GFPNanobody PE=1 SV=1	GFPNanobody	123			GFP-Nanobody	0.9649	0.999	1	20	20	20	2	2	2	2	2	2	2	2	2	2	2	2	2	2	2	2	2	2	2	2	2	2	2	2	2	2	2	2	2	2	2242563.5	2364279.5	2504160.8	2512974.5	2438507.5	2398266.0	2285066.8	1971019.6	2424775.2	2637947.0	0.0	0.0	0.0	0.0	0.0	0.0	0.0	0.0	0.0	0.0		3OGO	3OGO	False	3OGO	False	13.79	pdb|3OGO|GFPNANOBODY_SYNTHETIC GFP-Nanobody OS=Synthetic OX=0000 GN=GFPNanobody PE=1 SV=1	6	3234879.1540928693	3977479.53076826	8111137.870856745	5142480.461581894	4979033.630146262	4348725.649182213	5758261.3539765	5536875.944650337	5640084.553622804	10101300.489878325	9.8	False											10	2	2	2	2	2	True	True	True	True	True	True	True	True	True	True	0	0	0	0	0	0					
1	sp|contam_O77727|K1C15_SHEEP	contam_O77727	K1C15_SHEEP	KRT15	453	Ovis aries	2:Experimental evidence at transcript level	Keratin, type I cytoskeletal 15	1.0	0.999	9	9	9	79	0	2	0	0	1	0	1	1	0	4	0	2	0	0	1	0	1	1	0	4	3	8	14	3	9	1	5	8	3	25	386508.12	2176966.2	3771988.0	81991.414	798128.4	90196.54	599948.94	1162029.1	121901.94	14202115.0	331684.44	2154051.8	2293772.0	0.0	664782.8	0.0	0.0	0.0	0.0	11953677.0		contam_O77727	contam_O77727	True	contam_O77727	True	48.74	sp|contam_O77727|K1C15_SHEEP Keratin, type I cytoskeletal 15 OS=Ovis aries GN=KRT15 PE=2 SV=1	28	119471.73022642791	784791.050629743	2618081.079459308	35953.913054527235	349210.22195293294	35046.75047056225	323966.4086682748	699494.1281123537	60760.02858656638	11653529.203376308	1.8	True	18.3394518083554	21.0386215131267	21.1292905645067		19.34252353001722					23.51095112958862	5	0	1	1	1	2	False	False	False	True	True	False	False	True	True	True	5	2	1	1	1	0	19.68903666074105	19.34252353001722	23.51095112958862	21.1292905645067	
2	sp|contam_O82803|SRPP_HEVBR	contam_O82803	SRPP_HEVBR	SRPP	204	Hevea brasiliensis	1:Experimental evidence at protein level	Small rubber particle protein	1.0	0.999	4	18	18	18	1	3	3	1	1	1	3	3	1	1	1	3	3	1	1	1	3	3	1	1	1	3	3	1	1	1	3	3	1	1	2797251.8	5293356.0	6248824.0	2732212.2	3128927.5	2652786.5	4149414.8	6428995.0	2378220.0	2061562.5	0.0	3896621.8	3957838.8	2215861.0	2752878.2	2046798.1	0.0	0.0	0.0	0.0		contam_O82803	contam_O82803	True	contam_O82803	True	22.33	sp|contam_O82803|SRPP_HEVBR Small rubber particle protein OS=Hevea brasiliensis GN=SRPP PE=1 SV=1	14	1729291.0297718446	3816484.0745779644	8674432.624531802	2396195.2866264405	2738039.309839458	2061532.4383213853	4481284.726766875	7739985.6030519055	2370769.738121377	3383225.498221282	12.7	True		21.893792481908243	21.91628142294846	21.079435953915123	21.39250934920198	20.96493736856166					5	1	0	2	0	2	True	False	False	False	True	True	False	False	True	True	5	1	2	0	2	0	21.893792481908243	21.17872335888182		21.49785868843179	
3	sp|contam_P00735|THRB_BOVIN	contam_P00735	THRB_BOVIN	F2	625	Bos taurus	1:Experimental evidence at protein level	Prothrombin	0.9649	0.999	1	2	2	2	0	0	0	1	0	1	0	0	0	0	0	0	0	1	0	1	0	0	0	0	0	0	0	1	0	1	0	0	0	0	0.0	0.0	0.0	0.0	0.0	0.0	0.0	0.0	0.0	0.0	0.0	0.0	0.0	0.0	0.0	0.0	0.0	0.0	0.0	0.0		contam_P00735	contam_P00735	True	contam_P00735	True	70.46	sp|contam_P00735|THRB_BOVIN Prothrombin OS=Bos taurus GN=F2 PE=1 SV=2	32	0.0	0.0	0.0	0.0	0.0	0.0	0.0	0.0	0.0	0.0	2.2	False											10	2	2	2	2	2	True	True	True	True	True	True	True	True	True	True	0	0	0	0	0	0					
4	sp|contam_P00761|TRYP_PIG	contam_P00761	TRYP_PIG		231	Sus scrofa	1:Experimental evidence at protein level	Trypsin	1.0	0.999	4	212	203	212	20	24	20	21	22	19	22	18	25	21	19	23	20	20	21	18	21	17	24	20	20	24	20	21	22	19	22	18	25	21	1267770100.0	1305711700.0	1517171300.0	1123797600.0	1251547600.0	1239648600.0	1261513300.0	1609742100.0	1435885600.0	1421507800.0	1178881300.0	1255764900.0	1294988200.0	1084165500.0	1303718100.0	1242902800.0	1211795800.0	1186580900.0	1390888800.0	1322465400.0		contam_P00761	contam_P00761	True	contam_P00761	True	24.39	sp|contam_P00761|TRYP_PIG Trypsin OS=Sus scrofa PE=1 SV=1	11	997498800.4103093	1198160498.9445379	2680481131.75341	1254386103.5320983	1393884860.114157	1226088499.5756755	1733975157.054258	2466543151.920204	1821765774.034958	2969060430.810749	19.9	True	30.134771316559725	30.2259192470757	30.27029180604555	30.01393785772997	30.2799848066087	30.21106633023096	30.1744994643917	30.14416331949915	30.373359936626024	30.300582831220527	0	0	0	0	0	0	False	False	False	False	False	False	False	False	False	False	10	2	2	2	2	2	30.180345281817715	30.24552556841983	30.336971383923277	30.14211483188776	30.159331391945425
5	sp|contam_P01030|CO4_BOVIN	contam_P01030	CO4_BOVIN	C4	920	Bos taurus	1:Experimental evidence at protein level	Complement C4 (Fragments)	1.0	0.999	2	3	3	3	0	0	0	0	0	1	0	1	0	1	0	0	0	0	0	1	0	1	0	1	0	0	0	0	0	1	0	1	0	1	0.0	0.0	0.0	0.0	0.0	0.0	0.0	0.0	0.0	0.0	0.0	0.0	0.0	0.0	0.0	0.0	0.0	0.0	0.0	0.0		contam_P01030	contam_P01030	True	contam_P01030	True	101.49	sp|contam_P01030|CO4_BOVIN Complement C4 (Fragments) OS=Bos taurus GN=C4 PE=1 SV=2	46	0.0	0.0	0.0	0.0	0.0	0.0	0.0	0.0	0.0	0.0	3.3	False											10	2	2	2	2	2	True	True	True	True	True	True	True	True	True	True	0	0	0	0	0	0					
6	sp|contam_P01868|IGHG1_MOUSE	contam_P01868	IGHG1_MOUSE	Ighg1	324	Mus musculus	1:Experimental evidence at protein level	Ig gamma-1 chain C region secreted form	0.9649	0.999	1	6	0	6	1	0	1	1	1	0	1	1	0	0	0	0	0	0	0	0	0	0	0	0	1	0	1	1	1	0	1	1	0	0	0.0	0.0	0.0	0.0	0.0	0.0	0.0	0.0	0.0	0.0	0.0	0.0	0.0	0.0	0.0	0.0	0.0	0.0	0.0	0.0	sp|contam_P01869|IGH1M_MOUSE, sp|contam_P20759|IGHG1_RAT, sp|contam_P20760|IGG2A_RAT, tr|contam_A0A075B5P4|A0A075B5P4_MOUSE, tr|contam_A0A0A6YWR2|A0A0A6YWR2_MOUSE	contam_P01868	contam_P01868	True	contam_P01868;contam_P01869;contam_P20759;contam_P20760;contam_A0A075B5P4;contam_A0A0A6YWR2	True;True;True;True;True;True	35.68	sp|contam_P01868|IGHG1_MOUSE Ig gamma-1 chain C region secreted form OS=Mus musculus GN=Ighg1 PE=1 SV=1	14	0.0	0.0	0.0	0.0	0.0	0.0	0.0	0.0	0.0	0.0	3.1	False											10	2	2	2	2	2	True	True	True	True	True	True	True	True	True	True	0	0	0	0	0	0					
7	sp|contam_P02533|K1C14_HUMAN	contam_P02533	K1C14_HUMAN	KRT14	472	Homo sapiens	1:Experimental evidence at protein level	Keratin, type I cytoskeletal 14	1.0	0.999	25	44	17	182	4	5	10	0	6	1	4	5	2	7	2	2	3	0	4	0	1	3	0	2	11	20	36	6	27	7	14	20	8	33	4512802.0	8978492.0	26250748.0	354818.12	8545336.0	2450233.2	4684576.0	8198051.0	2065290.5	51352484.0	1180252.8	2368930.8	7918671.5	234463.45	2883162.8	526196.4	1935668.6	2036038.2	880550.75	18117260.0		contam_P02533	contam_P02533	True	contam_P02533	True	51.53	sp|contam_P02533|K1C14_HUMAN Keratin, type I cytoskeletal 14 OS=Homo sapiens GN=KRT14 PE=1 SV=4	29	1346830.1927542642	3125113.458717834	17591971.22626528	150225.48388156274	3609968.066594681	919232.4181219044	2442395.6271725036	4764723.665224522	993913.3708753773	40684214.29964434	19.7	True	20.170664474881054	21.17580462524509	22.916826981810036	17.839003516096213	21.4592208713396	19.005241852701324	20.884400543598858	20.95733319873069	19.74804662972939	24.11086144722727	0	0	0	0	0	0	False	False	False	False	False	False	False	False	False	False	10	2	2	2	2	2	20.67323455006307	20.232231362020464	21.92945403847833	20.377915248953123	20.920866871164776
8	sp|contam_P02538|K2C6A_HUMAN	contam_P02538	K2C6A_HUMAN	KRT6A	564	Homo sapiens	1:Experimental evidence at protein level	Keratin, type II cytoskeletal 6A	1.0	0.999	28	70	13	245	3	3	13	1	26	3	6	8	2	5	1	1	2	0	3	1	1	1	1	2	12	20	39	7	52	13	21	25	19	37	6888372.0	3100356.0	31160616.0	653028.4	172357470.0	4205540.0	7736457.5	12196461.0	3011384.5	9065486.0	2650594.5	691592.5	10748215.0	0.0	56706510.0	1592106.6	3428494.0	4330064.0	1007603.06	2238213.0		contam_P02538	contam_P02538	True	contam_P02538	True	60.01	sp|contam_P02538|K2C6A_HUMAN Keratin, type II cytoskeletal 6A OS=Homo sapiens GN=KRT6A PE=1 SV=3	30	1987283.8373082418	1043159.4511642604	20186247.82536526	267267.79661776003	70385154.81596226	1525163.5695674927	3899102.1390649634	6852320.648740986	1400910.3362216116	6942762.547752862	19.0	True	21.33788454636233	19.39956269814304	23.357593749656594		25.7570110326346	20.602505504541586	21.709143566756822	22.045956918017573	19.94249597785089	21.093915906541696	1	0	0	0	1	0	False	False	False	False	False	False	False	True	False	False	9	2	2	2	1	2	20.368723622252684	23.179758268588095	20.518205942196293	23.357593749656594	21.877550242387198
9	sp|contam_P02662|CASA1_BOVIN	contam_P02662	CASA1_BOVIN	CSN1S1	214	Bos taurus	1:Experimental evidence at protein level	Alpha-S1-casein	0.9649	0.999	1	2	2	2	0	0	1	0	0	0	1	0	0	0	0	0	1	0	0	0	1	0	0	0	0	0	1	0	0	0	1	0	0	0	206335.55	86970.45	484474.9	122263.875	71857.19	0.0	555446.94	0.0	0.0	0.0	0.0	0.0	0.0	0.0	0.0	0.0	0.0	0.0	0.0	0.0		contam_P02662	contam_P02662	True	contam_P02662	True	24.51	sp|contam_P02662|CASA1_BOVIN Alpha-S1-casein OS=Bos taurus GN=CSN1S1 PE=1 SV=2	10	178582.38648135145	87787.38334195371	941547.2142690363	150118.41664405057	88032.38019431385	0.0	839820.1703652175	0.0	0.0	0.0	3.3	False											10	2	2	2	2	2	True	True	True	True	True	True	True	True	True	True	0	0	0	0	0	0					
10	sp|contam_P02666|CASB_BOVIN	contam_P02666	CASB_BOVIN	CSN2	224	Bos taurus	1:Experimental evidence at protein level	Beta-casein	1.0	0.999	2	12	12	12	2	1	2	0	1	0	4	1	0	1	2	1	2	0	1	0	4	1	0	1	2	1	2	0	1	0	4	1	0	1	2505737.8	1320097.1	2702882.8	663910.56	829068.75	327805.12	5646332.0	1449596.2	762852.06	1252510.5	0.0	0.0	0.0	0.0	0.0	0.0	0.0	0.0	0.0	0.0		contam_P02666	contam_P02666	True	contam_P02666	True	25.09	sp|contam_P02666|CASB_BOVIN Beta-casein OS=Bos taurus GN=CSN2 PE=1 SV=2	7	3098147.9039536137	1903567.2488480106	7504123.892945575	1164521.0826695822	1450991.004463646	509487.58094768226	12195850.534805564	3490391.178788831	1520924.5389506044	4110984.2271479876	6.2	False											10	2	2	2	2	2	True	True	True	True	True	True	True	True	True	True	0	0	0	0	0	0					
11	sp|contam_P02768|ALBU_HUMAN	contam_P02768	ALBU_HUMAN	ALB	609	Homo sapiens	1:Experimental evidence at protein level	Serum albumin	1.0	0.999	4	2	2	5	0	0	0	0	0	0	0	2	0	0	0	0	0	0	0	0	0	2	0	0	0	0	0	0	3	0	0	2	0	0	0.0	0.0	0.0	0.0	0.0	0.0	0.0	843017.4	0.0	0.0	0.0	0.0	0.0	0.0	0.0	0.0	0.0	0.0	0.0	0.0		contam_P02768	contam_P02768	True	contam_P02768	True	69.32	sp|contam_P02768|ALBU_HUMAN Serum albumin OS=Homo sapiens GN=ALB PE=1 SV=2	36	0.0	0.0	0.0	0.0	0.0	0.0	0.0	394692.7403277024	0.0	0.0	2.6	False											10	2	2	2	2	2	True	True	True	True	True	True	True	True	True	True	0	0	0	0	0	0					
12	sp|contam_P02769|ALBU_BOVIN	contam_P02769	ALBU_BOVIN	ALB	607	Bos taurus	1:Experimental evidence at protein level	Serum albumin	1.0	0.999	5	10	7	10	0	0	0	0	10	0	0	0	0	0	0	0	0	0	7	0	0	0	0	0	0	0	0	0	10	0	0	0	0	0	0.0	0.0	0.0	0.0	24273384.0	0.0	0.0	0.0	0.0	0.0	0.0	0.0	0.0	0.0	0.0	0.0	0.0	0.0	0.0	0.0		contam_P02769	contam_P02769	True	contam_P02769	True	69.25	sp|contam_P02769|ALBU_BOVIN Serum albumin OS=Bos taurus GN=ALB PE=1 SV=4	40	0.0	0.0	0.0	0.0	7434342.23106475	0.0	0.0	0.0	0.0	0.0	6.3	False											10	2	2	2	2	2	True	True	True	True	True	True	True	True	True	True	0	0	0	0	0	0					
13	sp|contam_P04259|K2C6B_HUMAN	contam_P04259	K2C6B_HUMAN	KRT6B	564	Homo sapiens	1:Experimental evidence at protein level	Keratin, type II cytoskeletal 6B	1.0	0.999	27	13	6	254	1	0	3	1	4	1	1	2	0	0	0	0	2	1	2	0	0	1	0	0	14	20	40	10	51	15	21	26	20	37	915151.44	249674.34	4616555.5	3125157.5	40111040.0	21235022.0	516621.5	2179531.2	219465.98	0.0	1354827.6	278374.75	5048431.0	0.0	50458870.0	828585.06	0.0	3374323.0	0.0	0.0		contam_P04259	contam_P04259	True	contam_P04259	True	60.03	sp|contam_P04259|K2C6B_HUMAN Keratin, type II cytoskeletal 6B OS=Homo sapiens GN=KRT6B PE=1 SV=5	30	264019.66464664845	84006.5294063646	2990664.0299586193	1279046.9129803043	16380037.141582867	7701004.378359078	260372.39857350086	1224522.969928344	102096.6136443239	0.0	6.4	True	20.36967785156822	18.086668831809384	22.267403652192044		25.588604562486704	19.66029028213237		21.686166648520047			4	0	0	2	1	1	False	False	False	False	True	True	False	True	True	False	6	2	2	0	1	1	19.2281733416888	22.624447422309537		22.267403652192044	21.686166648520047
14	sp|contam_P04264|K2C1_HUMAN	contam_P04264	K2C1_HUMAN	KRT1	644	Homo sapiens	1:Experimental evidence at protein level	Keratin, type II cytoskeletal 1	1.0	0.999	42	610	398	610	45	67	110	31	57	40	58	63	65	74	31	40	68	20	36	26	39	44	43	51	45	67	110	31	57	40	58	63	65	74	228873420.0	485883520.0	1787472900.0	140128690.0	585210200.0	271278700.0	408447740.0	933103100.0	659119100.0	1687605200.0	59481772.0	164938690.0	781260600.0	45680230.0	158498400.0	92930504.0	144265700.0	282644600.0	187213940.0	348426980.0		contam_P04264	contam_P04264	True	contam_P04264	True	66.0	sp|contam_P04264|K2C1_HUMAN Keratin, type II cytoskeletal 1 OS=Homo sapiens GN=KRT1 PE=1 SV=6	31	63899612.97968859	158208882.29306746	1120594775.4957733	55501048.434221834	231271654.68417263	95207225.9922961	199213390.09074682	507332914.2589032	296734188.3692516	1250753239.1163776	50.2	True	25.825944291049293	27.29735461344714	29.54122861811451	25.445066578901436	27.239893035907013	26.46964889640647	27.104153090653295	28.074413893284373	27.480112621478067	28.37628110061648	0	0	0	0	0	0	False	False	False	False	False	False	False	False	False	False	10	2	2	2	2	2	26.56164945224822	26.854770966156742	27.928196861047276	27.493147598507974	27.589283491968835
15	sp|contam_P05787|K2C8_HUMAN	contam_P05787	K2C8_HUMAN	KRT8	483	Homo sapiens	1:Experimental evidence at protein level	Keratin, type II cytoskeletal 8	0.9946	0.9979	8	1	1	101	0	0	0	0	1	0	0	0	0	0	0	0	0	0	1	0	0	0	0	0	6	10	15	4	17	8	9	11	11	10	0.0	2390769.8	2629994.0	0.0	903306.94	0.0	0.0	2133233.0	0.0	0.0	0.0	0.0	0.0	0.0	0.0	0.0	0.0	0.0	0.0	0.0		contam_P05787	contam_P05787	True	contam_P05787	True	53.67	sp|contam_P05787|K2C8_HUMAN Keratin, type II cytoskeletal 8 OS=Homo sapiens GN=KRT8 PE=1 SV=7	29	0.0	832147.1889350844	1762493.730588185	0.0	381601.0520514766	0.0	0.0	1239839.2933317816	0.0	0.0	1.4	False											10	2	2	2	2	2	True	True	True	True	True	True	True	True	True	True	0	0	0	0	0	0					
16	sp|contam_P07224|PROS_BOVIN	contam_P07224	PROS_BOVIN	PROS1	675	Bos taurus	1:Experimental evidence at protein level	Vitamin K-dependent protein S	0.9607	0.9989	1	1	1	1	0	0	0	0	0	0	0	0	1	0	0	0	0	0	0	0	0	0	1	0	0	0	0	0	0	0	0	0	1	0	0.0	0.0	0.0	0.0	0.0	0.0	0.0	0.0	0.0	0.0	0.0	0.0	0.0	0.0	0.0	0.0	0.0	0.0	0.0	0.0		contam_P07224	contam_P07224	True	contam_P07224	True	75.08	sp|contam_P07224|PROS_BOVIN Vitamin K-dependent protein S OS=Bos taurus GN=PROS1 PE=1 SV=1	37	0.0	0.0	0.0	0.0	0.0	0.0	0.0	0.0	0.0	0.0	1.6	False											10	2	2	2	2	2	True	True	True	True	True	True	True	True	True	True	0	0	0	0	0	0					
17	sp|contam_P07744|K2C4_MOUSE	contam_P07744	K2C4_MOUSE	Krt4	525	Mus musculus	1:Experimental evidence at protein level	Keratin, type II cytoskeletal 4	1.0	0.9959	8	4	3	65	1	0	2	0	0	0	0	0	0	1	1	0	1	0	0	0	0	0	0	1	4	7	11	2	10	4	5	8	6	8	4357015.0	0.0	1975835.6	0.0	0.0	0.0	0.0	0.0	0.0	0.0	0.0	0.0	0.0	0.0	0.0	0.0	0.0	0.0	0.0	0.0		contam_P07744	contam_P07744	True	contam_P07744	True	56.25	sp|contam_P07744|K2C4_MOUSE Keratin, type II cytoskeletal 4 OS=Mus musculus GN=Krt4 PE=1 SV=2	27	1396657.2924809728	0.0	1422190.7937955777	0.0	0.0	0.0	0.0	0.0	0.0	0.0	5.7	False											10	2	2	2	2	2	True	True	True	True	True	True	True	True	True	True	0	0	0	0	0	0					
18	sp|contam_P08779|K1C16_HUMAN	contam_P08779	K1C16_HUMAN	KRT16	473	Homo sapiens	1:Experimental evidence at protein level	Keratin, type I cytoskeletal 16	1.0	0.999	25	82	20	161	3	5	26	0	25	3	2	5	1	12	0	0	7	0	11	0	0	0	0	2	7	15	36	6	32	7	10	15	6	27	2855918.8	6712207.0	67701250.0	0.0	112157410.0	1195362.8	2582348.0	7914356.5	1298412.2	18410804.0	1264232.9	1834196.6	18119562.0	0.0	14316974.0	520362.4	3215853.0	2578846.8	488635.0	4340695.5		contam_P08779	contam_P08779	True	contam_P08779	True	51.24	sp|contam_P08779|K1C16_HUMAN Keratin, type I cytoskeletal 16 OS=Homo sapiens GN=KRT16 PE=1 SV=4	29	852339.116117775	2336295.274685332	45370076.38724018	0.0	47380778.067938685	448453.737863388	1346357.8054956652	4599839.853469261	624856.0415533381	14586034.345772821	47.1	True	20.26983083404443	20.806716853101047	24.11104474608215		23.771223264599186	18.989157194960427	21.616770030250827	21.298294639680783	18.898397679257663	22.049494790337434	1	0	0	0	1	0	False	False	False	False	False	False	False	True	False	False	9	2	2	2	1	2	20.53827384357274	21.380190229779807	20.47394623479755	24.11104474608215	21.457532334965805
19	sp|contam_P13645|K1C10_HUMAN	contam_P13645	K1C10_HUMAN	KRT10	584	Homo sapiens	1:Experimental evidence at protein level	Keratin, type I cytoskeletal 10	1.0	0.999	27	375	187	375	17	39	52	16	25	15	29	48	40	94	11	18	25	5	9	9	11	21	25	53	17	39	52	16	25	15	29	48	40	94	38054360.0	201561580.0	586199400.0	45692620.0	93676900.0	38429650.0	153186540.0	322452200.0	132168936.0	2298773000.0	12659518.0	53254040.0	116581270.0	15722158.0	18213932.0	7346303.0	39596064.0	77304010.0	34816224.0	386262240.0		contam_P13645	contam_P13645	True	contam_P13645	True	58.79	sp|contam_P13645|K1C10_HUMAN Keratin, type I cytoskeletal 10 OS=Homo sapiens GN=KRT10 PE=1 SV=6	26	12667637.784891352	78251882.32798025	438170204.8612762	21577868.004184444	44139903.24326048	16080849.629635798	89082209.75267386	209034079.79374805	70944940.6090886	2031352134.3289716	39.0	True	23.5937191406802	25.666387640571177	26.796760782211432	23.906295917572848	24.118539067281457	22.80858697091816	25.238853692246188	26.20403991739223	25.05325640792787	28.525005409416913	0	0	0	0	0	0	False	False	False	False	False	False	False	False	False	False	10	2	2	2	2	2	24.63005339062569	23.46356301909981	26.78913090867239	25.351528349892142	25.72144680481921
20	sp|contam_P13647|K2C5_HUMAN	contam_P13647	K2C5_HUMAN	KRT5	590	Homo sapiens	1:Experimental evidence at protein level	Keratin, type II cytoskeletal 5	1.0	0.999	36	203	37	274	9	22	31	3	34	8	17	24	20	35	1	5	6	1	4	2	3	4	3	8	13	29	42	6	43	14	23	31	27	46	11058469.0	45275684.0	104261016.0	4647928.5	131066130.0	9735194.0	33271094.0	55713904.0	38483776.0	189727310.0	2076145.4	9104245.0	22399010.0	1192420.4	15584428.0	2886748.5	8190961.0	14331354.0	9037876.0	39166180.0		contam_P13647	contam_P13647	True	contam_P13647	True	62.34	sp|contam_P13647|K2C5_HUMAN Keratin, type II cytoskeletal 5 OS=Homo sapiens GN=KRT5 PE=1 SV=3	31	3087435.3572725216	14742248.020048339	65362864.97964877	1840914.2681438047	51796569.43462517	3416636.89496022	16227406.296256911	30291933.74350676	17325324.11326585	140614669.55146682	36.9	True	20.985476053729684	23.118107951170018	24.416931633117024	20.18546153169065	23.893601868471745	21.461013991547205	22.965601294523797	23.77267158342815	23.107552332638438	25.223105088803372	0	0	0	0	0	0	False	False	False	False	False	False	False	False	False	False	10	2	2	2	2	2	22.05179200244985	22.677307930009476	24.165328710720907	22.301196582403836	23.36913643897597
21	sp|contam_P15252|REF_HEVBR	contam_P15252	REF_HEVBR		138	Hevea brasiliensis	1:Experimental evidence at protein level	Rubber elongation factor protein	1.0	0.999	3	23	23	23	1	6	4	1	1	1	3	3	2	1	1	6	4	1	1	1	3	3	2	1	1	6	4	1	1	1	3	3	2	1	663104.8	7740124.0	5600910.5	1053918.6	950042.25	397766.12	4061399.0	2556161.0	2850588.0	1142608.9	0.0	4871274.0	3794130.5	0.0	0.0	0.0	2661700.0	1724685.4	2036426.1	0.0		contam_P15252	contam_P15252	True	contam_P15252	True	14.71	sp|contam_P15252|REF_HEVBR Rubber elongation factor protein OS=Hevea brasiliensis PE=1 SV=2	10	573913.8877001044	7812828.7562299175	10885025.578508185	1294025.6596947748	1163898.5681552726	432756.59874751756	6140721.200302453	4308373.09326199	3978321.1278824983	2625185.98925058	22.5	True		22.215867703667307	21.855337870758056				21.343916543691087	20.717901793097447	20.957608030560674		5	1	2	1	1	0	True	False	True	True	False	True	False	True	False	False	5	1	0	1	1	2	22.215867703667307		20.957608030560674	21.855337870758056	21.030909168394267
22	sp|contam_P15636|API_ACHLY	contam_P15636	API_ACHLY		653	Achromobacter lyticus	1:Experimental evidence at protein level	Protease 1	1.0	0.999	5	13	13	13	2	2	1	0	1	0	1	6	0	0	2	2	1	0	1	0	1	6	0	0	2	2	1	0	1	0	1	6	0	0	1398970.5	2851674.2	1969401.0	93947.22	0.0	0.0	992261.1	7751319.0	592142.9	0.0	778374.9	2447207.0	2616112.0	0.0	0.0	0.0	0.0	4743795.5	590731.1	0.0		contam_P15636	contam_P15636	True	contam_P15636	True	68.08	sp|contam_P15636|API_ACHLY Protease 1 OS=Achromobacter lyticus PE=1 SV=1	24	504500.8210069501	1199358.5951787801	1594754.1222196221	48062.73832762089	0.0	0.0	625112.8791053517	5443640.909305405	344334.6030414915	0.0	11.8	True	19.570105663192304	21.222704708029088	21.318992875598145					22.177610387493292	19.172142041424827		5	0	2	1	1	1	False	False	True	True	False	True	False	True	True	False	5	2	0	1	1	1	20.396405185610696		19.172142041424827	21.318992875598145	22.177610387493292
23	sp|contam_P19013|K2C4_HUMAN	contam_P19013	K2C4_HUMAN	KRT4	534	Homo sapiens	1:Experimental evidence at protein level	Keratin, type II cytoskeletal 4	0.9999	0.999	8	1	1	102	0	0	1	0	0	0	0	0	0	0	0	0	1	0	0	0	0	0	0	0	4	9	17	3	9	5	7	11	11	26	0.0	0.0	1546704.8	0.0	0.0	0.0	0.0	0.0	0.0	0.0	0.0	0.0	0.0	0.0	0.0	0.0	0.0	0.0	0.0	0.0		contam_P19013	contam_P19013	True	contam_P19013	True	57.25	sp|contam_P19013|K2C4_HUMAN Keratin, type II cytoskeletal 4 OS=Homo sapiens GN=KRT4 PE=1 SV=4	27	0.0	0.0	1113305.8475509959	0.0	0.0	0.0	0.0	0.0	0.0	0.0	1.7	False											10	2	2	2	2	2	True	True	True	True	True	True	True	True	True	True	0	0	0	0	0	0					
24	sp|contam_P20930|FILA_HUMAN	contam_P20930	FILA_HUMAN	FLG	4061	Homo sapiens	1:Experimental evidence at protein level	Filaggrin	1.0	0.999	12	74	74	74	2	7	6	0	7	2	3	14	9	24	2	7	6	0	7	2	3	14	9	24	2	7	6	0	7	2	3	14	9	24	1962045.2	6822765.0	10067745.0	1491594.0	7123718.5	2830798.8	2700209.0	25341972.0	8792971.0	34775990.0	1093384.6	2331751.0	3200310.5	900273.0	2698798.5	1232491.0	1900807.4	5567391.0	2876793.8	12524605.0		contam_P20930	contam_P20930	True	contam_P20930	True	434.92	sp|contam_P20930|FILA_HUMAN Filaggrin OS=Homo sapiens GN=FLG PE=1 SV=3	210	80863.82413784141	327945.37110405223	931716.3857121161	87210.173801295	415584.8137576551	146657.95262355896	194411.43605404237	2033977.8190623834	584361.681004529	3804719.8373042555	2.8	True	20.060369530182747	21.152982305441892	21.609780454148904	19.780003027016292	21.36388583441985	20.233145680996103	20.85818092711722	22.408569977110687	21.45603038602927	23.57826176874761	0	0	0	0	0	0	False	False	False	False	False	False	False	False	False	False	10	2	2	2	2	2	20.606675917812318	20.798515757707975	22.51714607738844	20.694891740582598	21.633375452113953
25	sp|contam_P22629|SAV_STRAV	contam_P22629	SAV_STRAV		183	Streptomyces avidinii	1:Experimental evidence at protein level	Streptavidin	1.0	0.999	2	119	119	119	27	29	5	5	17	12	3	6	7	8	27	29	5	5	17	12	3	6	7	8	27	29	5	5	17	12	3	6	7	8	2413913900.0	2212066000.0	86774640.0	45993068.0	1081322500.0	551184830.0	12128739.0	42584108.0	165941570.0	330435700.0	1407398100.0	1775341600.0	71886070.0	37999588.0	901882750.0	458280200.0	9753931.0	35716720.0	134668670.0	271119420.0		contam_P22629	contam_P22629	True	contam_P22629	True	18.82	sp|contam_P22629|SAV_STRAV Streptavidin OS=Streptomyces avidinii PE=1 SV=1	7	2984614866.571233	3189777774.5972047	240915976.57351282	80673362.60272123	1892471788.8886065	856673091.9021627	26197589.518233623	102535585.37183727	330843448.0009	1084554541.2885597	16.4	True	30.390383324464732	30.725449499566864	26.09920889817297	25.17948044083147	29.74836464602889	28.7716547145059	23.217552336006964	25.09009626267157	27.004839013069425	28.014353214709974	0	0	0	0	0	0	False	False	False	False	False	False	False	False	False	False	10	2	2	2	2	2	30.5579164120158	29.260009680267395	27.5095961138897	25.639344669502222	24.153824299339266
26	sp|contam_P35527|K1C9_HUMAN	contam_P35527	K1C9_HUMAN	KRT9	623	Homo sapiens	1:Experimental evidence at protein level	Keratin, type I cytoskeletal 9	1.0	0.999	27	255	255	278	20	38	57	13	24	20	31	31	8	13	20	38	57	13	24	20	31	31	8	13	21	40	61	15	27	22	33	34	10	15	51404664.0	162408180.0	645340860.0	44861590.0	209990600.0	72527624.0	152500340.0	221358580.0	34162864.0	58091556.0	23495056.0	56529468.0	224445310.0	12173159.0	45509876.0	24607264.0	62079090.0	74773470.0	8250039.0	23690736.0		contam_P35527	contam_P35527	True	contam_P35527	True	62.03	sp|contam_P35527|K1C9_HUMAN Keratin, type I cytoskeletal 9 OS=Homo sapiens GN=KRT9 PE=1 SV=3	26	17111722.914431993	63051429.694396295	482377049.2285598	21185422.667333167	98946109.08339423	30349113.65413852	88683165.47416033	143498748.26331085	18337760.98126697	51333648.980169415	36.8	True	24.48585387058968	25.752499784035695	27.74178870917087	23.537200267944247	25.439676319635883	24.55258092245204	25.887604073828886	26.15602314971671	22.975969508679427	24.49781968368694	0	0	0	0	0	0	False	False	False	False	False	False	False	False	False	False	10	2	2	2	2	2	25.119176827312685	24.99612862104396	23.736894596183184	25.63949448855756	26.0218136117728
27	sp|contam_P35900|K1C20_HUMAN	contam_P35900	K1C20_HUMAN	KRT20	424	Homo sapiens	1:Experimental evidence at protein level	Keratin, type I cytoskeletal 20	0.9874	0.999	2	1	1	2	0	0	0	0	0	0	1	0	0	0	0	0	0	0	0	0	1	0	0	0	0	1	0	0	0	0	1	0	0	0	0.0	0.0	0.0	0.0	0.0	0.0	631216.6	0.0	0.0	0.0	0.0	0.0	0.0	0.0	0.0	0.0	0.0	0.0	0.0	0.0		contam_P35900	contam_P35900	True	contam_P35900	True	48.46	sp|contam_P35900|K1C20_HUMAN Keratin, type I cytoskeletal 20 OS=Homo sapiens GN=KRT20 PE=1 SV=1	28	0.0	0.0	0.0	0.0	0.0	0.0	340850.6313783953	0.0	0.0	0.0	1.7	False											10	2	2	2	2	2	True	True	True	True	True	True	True	True	True	True	0	0	0	0	0	0					
28	sp|contam_P35908|K22E_HUMAN	contam_P35908	K22E_HUMAN	KRT2	639	Homo sapiens	1:Experimental evidence at protein level	Keratin, type II cytoskeletal 2 epidermal	1.0	0.999	42	506	288	552	26	57	64	21	30	23	50	67	35	133	14	32	35	10	14	12	31	46	17	77	30	62	72	24	33	28	55	72	38	138	66359760.0	348269980.0	502310800.0	52619932.0	195791970.0	40019544.0	221429090.0	402714980.0	139801540.0	3576343800.0	17810548.0	89009460.0	110561500.0	12820432.0	30849986.0	9290465.0	60081804.0	102700640.0	28194566.0	713476500.0		contam_P35908	contam_P35908	True	contam_P35908	True	65.39	sp|contam_P35908|K22E_HUMAN Keratin, type II cytoskeletal 2 epidermal OS=Homo sapiens GN=KRT2 PE=1 SV=2	40	14358510.090880759	87885339.90784961	244052547.63314414	16151992.720166951	59966278.746892594	10884990.496970069	83698640.99333012	169692596.05376387	48777254.05184038	2054195367.396311	47.9	True	24.086228570584794	26.40745533927716	26.72027385327238	23.611941540345807	24.878766498878445	23.147319376524695	25.840424795685234	26.61386993123163	24.748913799875474	29.41029067108193	0	0	0	0	0	0	False	False	False	False	False	False	False	False	False	False	10	2	2	2	2	2	25.24684195493098	24.01304293770157	27.079602235478703	25.166107696809092	26.227147363458432
29	sp|contam_P62894|CYC_BOVIN	contam_P62894	CYC_BOVIN	CYCS	105	Bos taurus	1:Experimental evidence at protein level	Cytochrome c	1.0	0.999	3	56	12	56	7	7	5	5	5	5	5	5	7	5	2	1	1	1	1	1	1	1	2	1	7	7	5	5	5	5	5	5	7	5	9523925.0	9990774.0	10601735.0	9901984.0	9931672.0	9953136.0	8315029.5	7985313.0	10232118.0	9788212.0	2946497.2	3082742.2	3180814.5	3035124.2	3043099.8	3063951.8	2716961.5	2452927.8	3166853.8	3229138.0		contam_P62894	contam_P62894	True	contam_P62894	True	11.7	sp|contam_P62894|CYC_BOVIN Cytochrome c OS=Bos taurus GN=CYCS PE=1 SV=2	6	13738182.418310085	16807699.3779846	34339701.450197384	20263142.04576948	20278850.440928306	18047813.634100158	20953485.047800153	22431886.2482157	23800148.847879115	37481295.36743267	21.9	True	21.49056946454881	21.555782815781058	21.600964807993957	21.533324123385977	21.53711021786748	21.54696217127114	21.373562691692083	21.226073339251116	21.594618835211406	21.62271766641153	0	0	0	0	0	0	False	False	False	False	False	False	False	False	False	False	10	2	2	2	2	2	21.523176140164935	21.54203619456931	21.60866825081147	21.567144465689967	21.2998180154716
30	sp|contam_Q04695|K1C17_HUMAN	contam_Q04695	K1C17_HUMAN	KRT17	432	Homo sapiens	1:Experimental evidence at protein level	Keratin, type I cytoskeletal 17	1.0	0.999	17	15	3	99	1	0	4	0	5	0	1	3	0	1	0	0	2	0	1	0	0	0	0	0	6	10	20	4	12	4	8	10	6	19	870479.1	336513.38	3225196.5	0.0	6913869.0	0.0	578134.7	3437383.5	144258.31	521249.66	855817.0	248225.61	563628.6	0.0	2820942.2	0.0	0.0	2315914.8	187055.94	0.0		contam_Q04695	contam_Q04695	True	contam_Q04695	True	48.08	sp|contam_Q04695|K1C17_HUMAN Keratin, type I cytoskeletal 17 OS=Homo sapiens GN=KRT17 PE=1 SV=2	29	259791.48521064266	117129.07834373844	2161369.421818056	0.0	2920756.5748870373	0.0	301421.87109285605	1997814.176674712	69423.77509066407	412962.1630583002	16.0	True	19.706942811463303	17.921292443708293	19.104385294088804		21.427745675294574			21.143150748437826	17.513110254131895		4	0	1	1	1	1	False	False	False	True	False	True	False	True	True	False	6	2	1	1	1	1	18.814117627585798	21.427745675294574	17.513110254131895	19.104385294088804	21.143150748437826
31	sp|contam_Q14CN4|K2C72_HUMAN	contam_Q14CN4	K2C72_HUMAN	KRT72	511	Homo sapiens	1:Experimental evidence at protein level	Keratin, type II cytoskeletal 72	1.0	0.999	5	4	4	55	0	0	0	0	0	0	0	3	0	1	0	0	0	0	0	0	0	3	0	1	2	5	7	2	9	3	4	7	7	9	0.0	0.0	0.0	0.0	0.0	0.0	0.0	0.0	0.0	0.0	0.0	0.0	0.0	0.0	0.0	0.0	0.0	0.0	0.0	0.0		contam_Q14CN4	contam_Q14CN4	True	contam_Q14CN4	True	55.84	sp|contam_Q14CN4|K2C72_HUMAN Keratin, type II cytoskeletal 72 OS=Homo sapiens GN=KRT72 PE=1 SV=2	33	0.0	0.0	0.0	0.0	0.0	0.0	0.0	0.0	0.0	0.0	5.3	False											10	2	2	2	2	2	True	True	True	True	True	True	True	True	True	True	0	0	0	0	0	0					
32	sp|contam_Q5D862|FILA2_HUMAN	contam_Q5D862	FILA2_HUMAN	FLG2	2391	Homo sapiens	1:Experimental evidence at protein level	Filaggrin-2	1.0	0.999	8	22	22	22	0	1	3	0	1	0	1	6	3	7	0	1	3	0	1	0	1	6	3	7	0	1	3	0	1	0	1	6	3	7	481129.53	772498.4	2680151.8	523152.75	680517.25	492941.47	350120.7	4591376.0	1770562.2	5968359.0	0.0	0.0	1271677.8	268287.5	548762.8	0.0	0.0	1248411.5	861281.2	2120919.5		contam_Q5D862	contam_Q5D862	True	contam_Q5D862	True	247.93	sp|contam_Q5D862|FILA2_HUMAN Filaggrin-2 OS=Homo sapiens GN=FLG2 PE=1 SV=1	74	56272.32455596681	105372.25057763237	703879.7868350624	86802.57562430618	112662.56457029171	72473.55180789012	71536.84638526318	1045770.1480826479	333921.8609620057	1853043.838394937	4.4	True			20.278301756279713	18.033420312829076	19.06582316062222			20.251662121438052	19.716124814976506	21.016258433401145	4	2	1	0	0	1	True	True	False	True	False	False	False	False	True	False	6	0	1	2	2	1		19.06582316062222	20.366191624188826	19.155861034554395	20.251662121438052
33	sp|contam_Q5KR48|TPM2_BOVIN	contam_Q5KR48	TPM2_BOVIN	TPM2	284	Bos taurus	2:Experimental evidence at transcript level	Tropomyosin beta chain	0.9649	0.999	1	4	4	4	0	1	1	1	0	1	0	0	0	0	0	1	1	1	0	1	0	0	0	0	0	1	1	1	0	1	0	0	0	0	0.0	0.0	0.0	0.0	0.0	0.0	0.0	0.0	0.0	0.0	0.0	0.0	0.0	0.0	0.0	0.0	0.0	0.0	0.0	0.0		contam_Q5KR48	contam_Q5KR48	True	contam_Q5KR48	True	32.82	sp|contam_Q5KR48|TPM2_BOVIN Tropomyosin beta chain OS=Bos taurus GN=TPM2 PE=2 SV=1	16	0.0	0.0	0.0	0.0	0.0	0.0	0.0	0.0	0.0	0.0	3.5	False											10	2	2	2	2	2	True	True	True	True	True	True	True	True	True	True	0	0	0	0	0	0					
34	sp|contam_Q5XKE5|K2C79_HUMAN	contam_Q5XKE5	K2C79_HUMAN	KRT79	535	Homo sapiens	1:Experimental evidence at protein level	Keratin, type II cytoskeletal 79	0.9995	0.999	9	2	2	87	0	0	0	0	0	0	1	0	0	1	0	0	0	0	0	0	1	0	0	1	5	9	12	3	15	6	8	11	9	9	1007368.2	7755110.0	11842403.0	0.0	551271.44	621656.3	4249481.0	1671018.5	420045.66	4323304.0	0.0	0.0	0.0	0.0	0.0	0.0	0.0	0.0	0.0	0.0		contam_Q5XKE5	contam_Q5XKE5	True	contam_Q5XKE5	True	57.8	sp|contam_Q5XKE5|K2C79_HUMAN Keratin, type II cytoskeletal 79 OS=Homo sapiens GN=KRT79 PE=1 SV=2	28	311382.9065973628	2795698.401127783	8219636.761737351	0.0	241201.31788157512	241550.65398908858	2294677.107478629	1005884.9892116413	209364.89041325464	3547482.147488146	1.9	False											10	2	2	2	2	2	True	True	True	True	True	True	True	True	True	True	0	0	0	0	0	0					
35	sp|contam_Q6E0U4|DMKN_HUMAN	contam_Q6E0U4	DMKN_HUMAN	DMKN	476	Homo sapiens	1:Experimental evidence at protein level	Dermokine	1.0	0.999	3	4	4	4	0	0	0	0	0	0	0	0	1	3	0	0	0	0	0	0	0	0	1	3	0	0	0	0	0	0	0	0	1	3	0.0	235783.66	294484.8	30119.398	177744.1	264566.25	0.0	0.0	399797.06	4893819.0	0.0	0.0	0.0	0.0	0.0	0.0	0.0	0.0	274680.47	2187744.5		contam_Q6E0U4	contam_Q6E0U4	True	contam_Q6E0U4	True	47.05	sp|contam_Q6E0U4|DMKN_HUMAN Dermokine OS=Homo sapiens GN=DMKN PE=1 SV=3	17	0.0	139999.07640156802	336654.778296563	21753.702502462198	128090.9618295444	169317.3372589569	0.0	0.0	328213.2112976871	6613958.363041079	5.3	True									18.06739481173159	21.061012829343838	8	2	2	0	2	2	True	True	True	True	False	False	True	True	True	True	2	0	0	2	0	0			19.564203820537713		
36	sp|contam_Q6KB66|K2C80_HUMAN	contam_Q6KB66	K2C80_HUMAN	KRT80	452	Homo sapiens	1:Experimental evidence at protein level	Keratin, type II cytoskeletal 80	1.0	0.999	6	7	5	7	0	0	2	0	0	0	0	0	0	5	0	0	1	0	0	0	0	0	0	4	0	0	2	0	0	0	0	0	0	5	0.0	196851.88	1703051.5	0.0	0.0	0.0	0.0	0.0	498102.97	3251439.0	0.0	122598.484	598900.6	0.0	0.0	0.0	0.0	0.0	236982.12	1281938.1		contam_Q6KB66	contam_Q6KB66	True	contam_Q6KB66	True	50.49	sp|contam_Q6KB66|K2C80_HUMAN Keratin, type II cytoskeletal 80 OS=Homo sapiens GN=KRT80 PE=1 SV=2	33	0.0	60212.410534160605	1002962.4235914875	0.0	0.0	0.0	0.0	0.0	210654.41951902048	2263727.4960420835	12.2	True		16.903581613830887	19.191957052097226						17.854418688157725	20.289895170610745	6	1	2	0	1	2	True	False	True	True	False	False	False	True	True	True	4	1	0	2	1	0	16.903581613830887		19.072156929384235	19.191957052097226	
37	sp|contam_Q7RTS7|K2C74_HUMAN	contam_Q7RTS7	K2C74_HUMAN	KRT74	529	Homo sapiens	1:Experimental evidence at protein level	Keratin, type II cytoskeletal 74	1.0	0.999	8	5	5	53	0	0	0	0	0	0	2	0	0	3	0	0	0	0	0	0	2	0	0	3	2	5	8	2	5	3	6	5	5	12	0.0	0.0	0.0	0.0	0.0	0.0	1779962.2	0.0	0.0	14367874.0	0.0	0.0	0.0	0.0	0.0	0.0	1433565.2	0.0	0.0	10379821.0		contam_Q7RTS7	contam_Q7RTS7	True	contam_Q7RTS7	True	57.83	sp|contam_Q7RTS7|K2C74_HUMAN Keratin, type II cytoskeletal 74 OS=Homo sapiens GN=KRT74 PE=1 SV=2	30	0.0	0.0	0.0	0.0	0.0	0.0	897084.2819823903	0.0	0.0	11003573.0569803	4.5	False							20.451176090629207			23.307278228847697	8	2	2	1	2	1	True	True	True	True	True	False	True	True	False	True	2	0	0	1	0	1			23.307278228847697		20.451176090629207
38	sp|contam_Q7Z3Y8|K1C27_HUMAN	contam_Q7Z3Y8	K1C27_HUMAN	KRT27	459	Homo sapiens	1:Experimental evidence at protein level	Keratin, type I cytoskeletal 27	0.9874	0.999	3	2	2	55	1	1	0	0	0	0	0	0	0	0	1	1	0	0	0	0	0	0	0	0	3	10	5	2	4	1	7	10	4	9	0.0	0.0	0.0	0.0	0.0	0.0	0.0	0.0	0.0	0.0	0.0	0.0	0.0	0.0	0.0	0.0	0.0	0.0	0.0	0.0		contam_Q7Z3Y8	contam_Q7Z3Y8	True	contam_Q7Z3Y8	True	49.79	sp|contam_Q7Z3Y8|K1C27_HUMAN Keratin, type I cytoskeletal 27 OS=Homo sapiens GN=KRT27 PE=1 SV=2	25	0.0	0.0	0.0	0.0	0.0	0.0	0.0	0.0	0.0	0.0	2.0	False											10	2	2	2	2	2	True	True	True	True	True	True	True	True	True	True	0	0	0	0	0	0					
39	sp|contam_Q7Z794|K2C1B_HUMAN	contam_Q7Z794	K2C1B_HUMAN	KRT77	578	Homo sapiens	2:Experimental evidence at transcript level	Keratin, type II cytoskeletal 1b	1.0	0.999	10	14	10	73	0	3	5	0	0	0	0	2	4	0	0	2	3	0	0	0	0	2	3	0	5	9	14	4	6	6	6	8	9	6	0.0	2681136.2	11224915.0	38243.68	166735.56	14498.412	0.0	1478595.4	3855352.2	0.0	0.0	1069649.6	4322096.0	0.0	85870.9	0.0	0.0	773241.56	1114802.9	0.0		contam_Q7Z794	contam_Q7Z794	True	contam_Q7Z794	True	61.86	sp|contam_Q7Z794|K2C1B_HUMAN Keratin, type II cytoskeletal 1b OS=Homo sapiens GN=KRT77 PE=2 SV=3	31	0.0	873006.6857947399	7037075.137969443	15147.250259621218	65892.91993866843	5088.322775851616	0.0	803919.8597580574	1735672.3632263255	0.0	10.0	False		20.028706839657648	22.043299686219832		16.38988169207261			19.560559655693353	20.088357229847833		5	1	1	1	1	1	True	False	False	True	False	True	False	True	True	False	5	1	1	1	1	1	20.028706839657648	16.38988169207261	20.088357229847833	22.043299686219832	19.560559655693353
40	sp|contam_Q86YZ3|HORN_HUMAN	contam_Q86YZ3	HORN_HUMAN	HRNR	2850	Homo sapiens	1:Experimental evidence at protein level	Hornerin	1.0	0.999	18	54	54	54	1	5	11	2	8	3	7	15	1	1	1	5	11	2	8	3	7	15	1	1	1	5	11	2	8	3	7	15	1	1	2184029.0	5045612.0	20420188.0	3036550.0	12874458.0	3910527.8	6754970.0	21529680.0	1525601.0	1928789.8	1663802.6	4059487.8	13220705.0	1563332.6	6631558.5	2967646.8	5991519.5	8530754.0	927172.0	0.0		contam_Q86YZ3	contam_Q86YZ3	True	contam_Q86YZ3	True	282.23	sp|contam_Q86YZ3|HORN_HUMAN Hornerin OS=Homo sapiens GN=HRNR PE=1 SV=2	85	222384.25593906138	599177.2456841738	4668868.385678404	438628.9880949917	1855590.9402945836	500532.5920242107	1201567.6338710196	4269172.956611878	250488.28691684862	521348.88635065296	9.3	True	20.66605284601557	21.952866278257815	23.656295775465967	20.576193314599568	22.660916531063936	21.500887966468085	22.514490498400683	23.02424183067859	19.822477472973713		1	0	0	1	0	0	False	False	False	False	False	True	False	False	False	False	9	2	2	1	2	2	21.309459562136695	22.08090224876601	19.822477472973713	22.116244545032767	22.769366164539637
41	sp|contam_Q8BGZ7|K2C75_MOUSE	contam_Q8BGZ7	K2C75_MOUSE	Krt75	551	Mus musculus	1:Experimental evidence at protein level	Keratin, type II cytoskeletal 75	1.0	0.9984	11	4	0	100	0	0	0	0	0	0	0	0	0	4	0	0	0	0	0	0	0	0	0	0	6	9	16	4	15	8	8	11	8	15	0.0	0.0	0.0	0.0	0.0	0.0	0.0	0.0	0.0	0.0	0.0	0.0	0.0	0.0	0.0	0.0	0.0	0.0	0.0	0.0		contam_Q8BGZ7	contam_Q8BGZ7	True	contam_Q8BGZ7	True	59.7	sp|contam_Q8BGZ7|K2C75_MOUSE Keratin, type II cytoskeletal 75 OS=Mus musculus GN=Krt75 PE=1 SV=1	31	0.0	0.0	0.0	0.0	0.0	0.0	0.0	0.0	0.0	0.0	1.8	False											10	2	2	2	2	2	True	True	True	True	True	True	True	True	True	True	0	0	0	0	0	0					
42	sp|contam_Q8N1N4|K2C78_HUMAN	contam_Q8N1N4	K2C78_HUMAN	KRT78	520	Homo sapiens	2:Experimental evidence at transcript level	Keratin, type II cytoskeletal 78	1.0	0.999	10	12	10	52	0	0	6	0	0	0	0	0	1	5	0	0	5	0	0	0	0	0	0	5	2	5	12	1	7	2	3	6	5	9	0.0	855420.75	3930886.5	0.0	247350.66	0.0	0.0	552186.6	695287.1	4931306.5	0.0	439537.03	1428359.9	0.0	0.0	0.0	0.0	319877.75	274818.72	3423972.0		contam_Q8N1N4	contam_Q8N1N4	True	contam_Q8N1N4	True	56.83	sp|contam_Q8N1N4|K2C78_HUMAN Keratin, type II cytoskeletal 78 OS=Homo sapiens GN=KRT78 PE=2 SV=2	29	0.0	297743.41823677113	2634288.4477697415	0.0	104493.02214109758	0.0	0.0	320931.95817394496	334604.33061942883	3906847.6302573625	12.3	True		18.745625188717703	20.44592810648232					18.28716111965365	18.068120754907635	21.707239473275173	5	1	2	0	1	1	True	False	True	True	False	False	False	True	True	False	5	1	0	2	1	1	18.745625188717703		19.887680114091403	20.44592810648232	18.28716111965365
43	sp|contam_Q8VED5|K2C79_MOUSE	contam_Q8VED5	K2C79_MOUSE	Krt79	531	Mus musculus	1:Experimental evidence at protein level	Keratin, type II cytoskeletal 79	1.0	0.999	10	3	2	103	0	0	0	0	0	0	0	3	0	0	0	0	0	0	0	0	0	2	0	0	6	10	15	4	16	8	9	14	11	10	0.0	0.0	0.0	0.0	0.0	0.0	0.0	233143.42	0.0	0.0	0.0	0.0	0.0	0.0	0.0	0.0	0.0	0.0	0.0	0.0		contam_Q8VED5	contam_Q8VED5	True	contam_Q8VED5	True	57.52	sp|contam_Q8VED5|K2C79_MOUSE Keratin, type II cytoskeletal 79 OS=Mus musculus GN=Krt79 PE=1 SV=2	28	0.0	0.0	0.0	0.0	0.0	0.0	0.0	140342.83074152988	0.0	0.0	6.8	False											10	2	2	2	2	2	True	True	True	True	True	True	True	True	True	True	0	0	0	0	0	0					
44	sp|contam_Q95M17|CHIA_BOVIN	contam_Q95M17	CHIA_BOVIN	CHIA	472	Bos taurus	1:Experimental evidence at protein level	Acidic mammalian chitinase	0.8796	0.9962	1	2	2	2	0	0	1	0	1	0	0	0	0	0	0	0	1	0	1	0	0	0	0	0	0	0	1	0	1	0	0	0	0	0	0.0	136677.81	948810.6	0.0	794559.06	0.0	0.0	0.0	0.0	0.0	0.0	0.0	0.0	0.0	0.0	0.0	0.0	0.0	0.0	0.0		contam_Q95M17	contam_Q95M17	True	contam_Q95M17	True	52.1	sp|contam_Q95M17|CHIA_BOVIN Acidic mammalian chitinase OS=Bos taurus GN=CHIA PE=1 SV=1	21	0.0	65696.02664336108	878073.8715147676	0.0	463531.34106795146	0.0	0.0	0.0	0.0	0.0	1.7	False											10	2	2	2	2	2	True	True	True	True	True	True	True	True	True	True	0	0	0	0	0	0					
45	sp|contam_Q9Z2K1|K1C16_MOUSE	contam_Q9Z2K1	K1C16_MOUSE	Krt16	469	Mus musculus	1:Experimental evidence at protein level	Keratin, type I cytoskeletal 16	1.0	0.9982	10	1	0	81	0	0	0	0	1	0	0	0	0	0	0	0	0	0	0	0	0	0	0	0	3	10	16	4	11	2	6	8	3	18	0.0	0.0	0.0	0.0	1305931.0	0.0	0.0	0.0	0.0	0.0	0.0	0.0	0.0	0.0	0.0	0.0	0.0	0.0	0.0	0.0	tr|contam_Q3ZAW8|Q3ZAW8_MOUSE	contam_Q9Z2K1	contam_Q9Z2K1	True	contam_Q9Z2K1;contam_Q3ZAW8	True;True	51.57	sp|contam_Q9Z2K1|K1C16_MOUSE Keratin, type I cytoskeletal 16 OS=Mus musculus GN=Krt16 PE=1 SV=3	30	0.0	0.0	0.0	0.0	533299.5176476216	0.0	0.0	0.0	0.0	0.0	2.3	False											10	2	2	2	2	2	True	True	True	True	True	True	True	True	True	True	0	0	0	0	0	0					
46	tr|contam_E1BJK2|E1BJK2_BOVIN	contam_E1BJK2	E1BJK2_BOVIN	TUBB1	450	Bos taurus	3:Protein inferred from homology	Tubulin beta chain	0.9649	0.999	1	5	5	5	0	0	2	0	2	0	0	1	0	0	0	0	2	0	2	0	0	1	0	0	0	0	2	0	2	0	0	1	0	0	0.0	0.0	0.0	0.0	0.0	0.0	0.0	0.0	0.0	0.0	0.0	0.0	0.0	0.0	0.0	0.0	0.0	0.0	0.0	0.0		contam_E1BJK2	contam_E1BJK2	True	contam_E1BJK2	True	49.96	tr|contam_E1BJK2|E1BJK2_BOVIN Tubulin beta chain OS=Bos taurus GN=TUBB1 PE=3 SV=1	20	0.0	0.0	0.0	0.0	0.0	0.0	0.0	0.0	0.0	0.0	4.0	False											10	2	2	2	2	2	True	True	True	True	True	True	True	True	True	True	0	0	0	0	0	0					
47	tr|contam_G3N0V2|G3N0V2_BOVIN	contam_G3N0V2	G3N0V2_BOVIN	KRT1	606	Bos taurus	1:Experimental evidence at protein level	Uncharacterized protein	1.0	0.999	16	4	4	255	0	0	2	0	0	1	0	1	0	0	0	0	2	0	0	1	0	1	0	0	17	27	40	15	20	17	21	24	26	48	0.0	0.0	0.0	0.0	0.0	0.0	0.0	0.0	0.0	0.0	0.0	0.0	0.0	0.0	0.0	0.0	0.0	0.0	0.0	0.0		contam_G3N0V2	contam_G3N0V2	True	contam_G3N0V2	True	63.11	tr|contam_G3N0V2|G3N0V2_BOVIN Uncharacterized protein OS=Bos taurus GN=KRT1 PE=1 SV=1	32	0.0	0.0	0.0	0.0	0.0	0.0	0.0	0.0	0.0	0.0	5.1	False											10	2	2	2	2	2	True	True	True	True	True	True	True	True	True	True	0	0	0	0	0	0					
48	tr|contam_Q2KIF2|Q2KIF2_BOVIN	contam_Q2KIF2	Q2KIF2_BOVIN	LRG1	346	Bos taurus	1:Experimental evidence at protein level	Leucine-rich alpha-2-glycoprotein 1	0.9649	0.999	1	1	1	1	0	0	0	0	0	1	0	0	0	0	0	0	0	0	0	1	0	0	0	0	0	0	0	0	0	1	0	0	0	0	0.0	0.0	0.0	0.0	0.0	0.0	0.0	0.0	0.0	0.0	0.0	0.0	0.0	0.0	0.0	0.0	0.0	0.0	0.0	0.0		contam_Q2KIF2	contam_Q2KIF2	True	contam_Q2KIF2	True	38.32	tr|contam_Q2KIF2|Q2KIF2_BOVIN Leucine-rich alpha-2-glycoprotein 1 OS=Bos taurus GN=LRG1 PE=1 SV=1	17	0.0	0.0	0.0	0.0	0.0	0.0	0.0	0.0	0.0	0.0	3.8	False											10	2	2	2	2	2	True	True	True	True	True	True	True	True	True	True	0	0	0	0	0	0					
